timestamp,container,state,cpu_percent,mem_usage_mb
2026-06-11T13:32:03.270581+00:00,room0,running,0.00,1.00
2026-06-11T13:32:03.270581+00:00,room1,running,0.00,0.99
2026-06-11T13:32:03.270581+00:00,room2,running,0.00,0.96
2026-06-11T13:32:03.270581+00:00,room3,running,0.00,4.58
2026-06-11T13:32:03.270581+00:00,room4,running,0.00,0.94
2026-06-11T13:32:03.270581+00:00,locked-server,running,0.03,19.02
2026-06-11T13:32:03.270581+00:00,room5,running,0.00,5.15
2026-06-11T13:32:03.270581+00:00,room6,running,0.00,0.93
2026-06-11T13:32:03.270581+00:00,room7,running,0.00,0.90
2026-06-11T13:32:03.270581+00:00,room8,running,0.00,0.94
2026-06-11T13:32:03.270581+00:00,room9,running,0.00,0.92
2026-06-11T13:32:03.270581+00:00,secret-server,running,0.02,15.79
2026-06-11T13:32:03.270581+00:00,room10,running,0.00,1.03
2026-06-11T13:32:03.270581+00:00,room11,running,0.00,1.36
2026-06-11T13:32:03.270581+00:00,final,running,0.00,0.92
2026-06-11T13:32:03.270581+00:00,secret-a,running,0.00,1.11
2026-06-11T13:32:03.270581+00:00,secret-b,running,0.00,0.91
2026-06-11T13:32:12.136418+00:00,room0,running,0.00,1.00
2026-06-11T13:32:12.136418+00:00,room1,running,0.00,0.99
2026-06-11T13:32:12.136418+00:00,room2,running,0.00,0.96
2026-06-11T13:32:12.136418+00:00,room3,running,0.02,4.58
2026-06-11T13:32:12.136418+00:00,room4,running,0.00,0.94
2026-06-11T13:32:12.136418+00:00,locked-server,running,0.02,19.02
2026-06-11T13:32:12.136418+00:00,room5,running,0.00,5.15
2026-06-11T13:32:12.136418+00:00,room6,running,0.00,0.93
2026-06-11T13:32:12.136418+00:00,room7,running,0.00,0.90
2026-06-11T13:32:12.136418+00:00,room8,running,0.00,0.94
2026-06-11T13:32:12.136418+00:00,room9,running,0.00,0.92
2026-06-11T13:32:12.136418+00:00,secret-server,running,0.02,15.79
2026-06-11T13:32:12.136418+00:00,room10,running,0.00,1.03
2026-06-11T13:32:12.136418+00:00,room11,running,0.00,1.36
2026-06-11T13:32:12.136418+00:00,final,running,0.00,0.92
2026-06-11T13:32:12.136418+00:00,secret-a,running,0.00,1.11
2026-06-11T13:32:12.136418+00:00,secret-b,running,0.00,0.91
2026-06-11T13:32:20.873672+00:00,room0,running,0.00,1.00
2026-06-11T13:32:20.873672+00:00,room1,running,0.00,0.99
2026-06-11T13:32:20.873672+00:00,room2,running,0.00,0.96
2026-06-11T13:32:20.873672+00:00,room3,running,0.00,4.58
2026-06-11T13:32:20.873672+00:00,room4,running,0.00,0.94
2026-06-11T13:32:20.873672+00:00,locked-server,running,0.02,19.02
2026-06-11T13:32:20.873672+00:00,room5,running,0.00,5.15
2026-06-11T13:32:20.873672+00:00,room6,running,0.00,0.93
2026-06-11T13:32:20.873672+00:00,room7,running,0.00,0.90
2026-06-11T13:32:20.873672+00:00,room8,running,0.00,0.94
2026-06-11T13:32:20.873672+00:00,room9,running,0.00,0.92
2026-06-11T13:32:20.873672+00:00,secret-server,running,0.02,15.79
2026-06-11T13:32:20.873672+00:00,room10,running,0.00,1.03
2026-06-11T13:32:20.873672+00:00,room11,running,0.00,1.36
2026-06-11T13:32:20.873672+00:00,final,running,0.00,0.92
2026-06-11T13:32:20.873672+00:00,secret-a,running,0.00,1.11
2026-06-11T13:32:20.873672+00:00,secret-b,running,0.00,0.91
2026-06-11T13:32:28.780046+00:00,room0,running,0.00,1.00
2026-06-11T13:32:28.780046+00:00,room1,running,0.00,0.99
2026-06-11T13:32:28.780046+00:00,room2,running,0.00,0.96
2026-06-11T13:32:28.780046+00:00,room3,running,0.00,4.58
2026-06-11T13:32:28.780046+00:00,room4,running,0.00,0.94
2026-06-11T13:32:28.780046+00:00,locked-server,running,0.02,19.02
2026-06-11T13:32:28.780046+00:00,room5,running,0.00,5.15
2026-06-11T13:32:28.780046+00:00,room6,running,0.00,0.93
2026-06-11T13:32:28.780046+00:00,room7,running,0.00,0.90
2026-06-11T13:32:28.780046+00:00,room8,running,0.00,0.94
2026-06-11T13:32:28.780046+00:00,room9,running,0.00,0.92
2026-06-11T13:32:28.780046+00:00,secret-server,running,0.01,15.79
2026-06-11T13:32:28.780046+00:00,room10,running,0.00,1.03
2026-06-11T13:32:28.780046+00:00,room11,running,0.00,1.36
2026-06-11T13:32:28.780046+00:00,final,running,0.00,0.92
2026-06-11T13:32:28.780046+00:00,secret-a,running,0.00,1.11
2026-06-11T13:32:28.780046+00:00,secret-b,running,0.00,0.91
2026-06-11T13:32:37.557456+00:00,room0,running,0.00,1.00
2026-06-11T13:32:37.557456+00:00,room1,running,0.00,0.99
2026-06-11T13:32:37.557456+00:00,room2,running,0.00,0.96
2026-06-11T13:32:37.557456+00:00,room3,running,0.00,4.58
2026-06-11T13:32:37.557456+00:00,room4,running,0.00,0.94
2026-06-11T13:32:37.557456+00:00,locked-server,running,0.02,19.02
2026-06-11T13:32:37.557456+00:00,room5,running,0.00,5.15
2026-06-11T13:32:37.557456+00:00,room6,running,0.00,0.93
2026-06-11T13:32:37.557456+00:00,room7,running,0.00,0.90
2026-06-11T13:32:37.557456+00:00,room8,running,0.00,0.94
2026-06-11T13:32:37.557456+00:00,room9,running,0.00,0.92
2026-06-11T13:32:37.557456+00:00,secret-server,running,0.01,15.79
2026-06-11T13:32:37.557456+00:00,room10,running,0.00,1.03
2026-06-11T13:32:37.557456+00:00,room11,running,0.00,1.36
2026-06-11T13:32:37.557456+00:00,final,running,0.00,0.92
2026-06-11T13:32:37.557456+00:00,secret-a,running,0.00,1.11
2026-06-11T13:32:37.557456+00:00,secret-b,running,0.00,0.91
2026-06-11T13:32:46.228719+00:00,room0,running,0.00,1.00
2026-06-11T13:32:46.228719+00:00,room1,running,0.00,0.99
2026-06-11T13:32:46.228719+00:00,room2,running,0.00,0.96
2026-06-11T13:32:46.228719+00:00,room3,running,0.00,4.58
2026-06-11T13:32:46.228719+00:00,room4,running,0.00,0.94
2026-06-11T13:32:46.228719+00:00,locked-server,running,0.03,19.02
2026-06-11T13:32:46.228719+00:00,room5,running,0.00,5.15
2026-06-11T13:32:46.228719+00:00,room6,running,0.00,0.93
2026-06-11T13:32:46.228719+00:00,room7,running,0.00,0.90
2026-06-11T13:32:46.228719+00:00,room8,running,0.00,0.94
2026-06-11T13:32:46.228719+00:00,room9,running,0.00,0.92
2026-06-11T13:32:46.228719+00:00,secret-server,running,0.02,15.79
2026-06-11T13:32:46.228719+00:00,room10,running,0.00,1.03
2026-06-11T13:32:46.228719+00:00,room11,running,0.00,1.36
2026-06-11T13:32:46.228719+00:00,final,running,0.00,0.92
2026-06-11T13:32:46.228719+00:00,secret-a,running,0.00,1.11
2026-06-11T13:32:46.228719+00:00,secret-b,running,0.00,0.91
2026-06-11T13:32:54.881484+00:00,room0,running,0.00,1.00
2026-06-11T13:32:54.881484+00:00,room1,running,0.00,0.99
2026-06-11T13:32:54.881484+00:00,room2,running,0.00,0.96
2026-06-11T13:32:54.881484+00:00,room3,running,0.00,4.58
2026-06-11T13:32:54.881484+00:00,room4,running,0.00,0.94
2026-06-11T13:32:54.881484+00:00,locked-server,running,0.02,19.02
2026-06-11T13:32:54.881484+00:00,room5,running,0.00,5.15
2026-06-11T13:32:54.881484+00:00,room6,running,0.00,0.93
2026-06-11T13:32:54.881484+00:00,room7,running,0.00,0.90
2026-06-11T13:32:54.881484+00:00,room8,running,0.00,0.94
2026-06-11T13:32:54.881484+00:00,room9,running,0.00,0.92
2026-06-11T13:32:54.881484+00:00,secret-server,running,0.02,15.80
2026-06-11T13:32:54.881484+00:00,room10,running,0.00,1.03
2026-06-11T13:32:54.881484+00:00,room11,running,0.00,1.36
2026-06-11T13:32:54.881484+00:00,final,running,0.00,0.92
2026-06-11T13:32:54.881484+00:00,secret-a,running,0.00,1.11
2026-06-11T13:32:54.881484+00:00,secret-b,running,0.00,0.91
2026-06-11T13:33:03.701841+00:00,room0,running,0.00,1.00
2026-06-11T13:33:03.701841+00:00,room1,running,0.00,0.99
2026-06-11T13:33:03.701841+00:00,room2,running,0.00,0.96
2026-06-11T13:33:03.701841+00:00,room3,running,0.00,4.58
2026-06-11T13:33:03.701841+00:00,room4,running,0.00,0.94
2026-06-11T13:33:03.701841+00:00,locked-server,running,0.02,19.02
2026-06-11T13:33:03.701841+00:00,room5,running,0.00,5.15
2026-06-11T13:33:03.701841+00:00,room6,running,0.00,0.93
2026-06-11T13:33:03.701841+00:00,room7,running,0.00,0.90
2026-06-11T13:33:03.701841+00:00,room8,running,0.00,0.94
2026-06-11T13:33:03.701841+00:00,room9,running,0.00,0.92
2026-06-11T13:33:03.701841+00:00,secret-server,running,0.01,15.80
2026-06-11T13:33:03.701841+00:00,room10,running,0.00,1.03
2026-06-11T13:33:03.701841+00:00,room11,running,0.00,1.36
2026-06-11T13:33:03.701841+00:00,final,running,0.00,0.92
2026-06-11T13:33:03.701841+00:00,secret-a,running,0.00,1.11
2026-06-11T13:33:03.701841+00:00,secret-b,running,0.00,0.91
2026-06-11T13:33:12.370150+00:00,room0,running,0.00,1.00
2026-06-11T13:33:12.370150+00:00,room1,running,0.00,0.99
2026-06-11T13:33:12.370150+00:00,room2,running,0.00,0.96
2026-06-11T13:33:12.370150+00:00,room3,running,0.02,4.58
2026-06-11T13:33:12.370150+00:00,room4,running,0.00,0.94
2026-06-11T13:33:12.370150+00:00,locked-server,running,0.02,19.02
2026-06-11T13:33:12.370150+00:00,room5,running,0.00,5.15
2026-06-11T13:33:12.370150+00:00,room6,running,0.00,0.93
2026-06-11T13:33:12.370150+00:00,room7,running,0.00,0.90
2026-06-11T13:33:12.370150+00:00,room8,running,0.00,0.94
2026-06-11T13:33:12.370150+00:00,room9,running,0.00,0.92
2026-06-11T13:33:12.370150+00:00,secret-server,running,0.01,15.80
2026-06-11T13:33:12.370150+00:00,room10,running,0.00,1.03
2026-06-11T13:33:12.370150+00:00,room11,running,0.00,1.36
2026-06-11T13:33:12.370150+00:00,final,running,0.00,0.92
2026-06-11T13:33:12.370150+00:00,secret-a,running,0.00,1.11
2026-06-11T13:33:12.370150+00:00,secret-b,running,0.00,0.91
2026-06-11T13:33:20.996401+00:00,room0,running,0.00,1.00
2026-06-11T13:33:20.996401+00:00,room1,running,0.00,0.99
2026-06-11T13:33:20.996401+00:00,room2,running,0.00,0.96
2026-06-11T13:33:20.996401+00:00,room3,running,0.00,4.58
2026-06-11T13:33:20.996401+00:00,room4,running,0.00,0.94
2026-06-11T13:33:20.996401+00:00,locked-server,running,0.02,19.02
2026-06-11T13:33:20.996401+00:00,room5,running,0.00,5.15
2026-06-11T13:33:20.996401+00:00,room6,running,0.00,0.93
2026-06-11T13:33:20.996401+00:00,room7,running,0.00,0.90
2026-06-11T13:33:20.996401+00:00,room8,running,0.00,0.94
2026-06-11T13:33:20.996401+00:00,room9,running,0.00,0.92
2026-06-11T13:33:20.996401+00:00,secret-server,running,0.02,15.82
2026-06-11T13:33:20.996401+00:00,room10,running,0.00,1.03
2026-06-11T13:33:20.996401+00:00,room11,running,0.00,1.36
2026-06-11T13:33:20.996401+00:00,final,running,0.00,0.92
2026-06-11T13:33:20.996401+00:00,secret-a,running,0.00,1.11
2026-06-11T13:33:20.996401+00:00,secret-b,running,0.00,0.91
2026-06-11T13:33:28.875810+00:00,room0,stopped,0.00,0.00
2026-06-11T13:33:28.875810+00:00,room1,running,0.00,0.99
2026-06-11T13:33:28.875810+00:00,room2,running,0.00,0.96
2026-06-11T13:33:28.875810+00:00,room3,running,0.00,4.58
2026-06-11T13:33:28.875810+00:00,room4,running,0.00,0.94
2026-06-11T13:33:28.875810+00:00,locked-server,running,0.02,19.02
2026-06-11T13:33:28.875810+00:00,room5,running,0.00,5.15
2026-06-11T13:33:28.875810+00:00,room6,running,0.00,0.93
2026-06-11T13:33:28.875810+00:00,room7,running,0.00,0.90
2026-06-11T13:33:28.875810+00:00,room8,running,0.00,0.94
2026-06-11T13:33:28.875810+00:00,room9,running,0.00,0.92
2026-06-11T13:33:28.875810+00:00,secret-server,running,0.02,15.82
2026-06-11T13:33:28.875810+00:00,room10,running,0.00,1.03
2026-06-11T13:33:28.875810+00:00,room11,running,0.00,1.36
2026-06-11T13:33:28.875810+00:00,final,running,0.00,0.92
2026-06-11T13:33:28.875810+00:00,secret-a,running,0.00,1.11
2026-06-11T13:33:28.875810+00:00,secret-b,running,0.00,0.91
2026-06-11T13:33:37.717981+00:00,room0,stopped,0.00,0.00
2026-06-11T13:33:37.717981+00:00,room1,stopped,0.00,0.00
2026-06-11T13:33:37.717981+00:00,room2,running,0.00,0.96
2026-06-11T13:33:37.717981+00:00,room3,running,0.00,4.58
2026-06-11T13:33:37.717981+00:00,room4,running,0.00,0.94
2026-06-11T13:33:37.717981+00:00,locked-server,running,0.02,19.02
2026-06-11T13:33:37.717981+00:00,room5,running,0.00,5.15
2026-06-11T13:33:37.717981+00:00,room6,running,0.00,0.93
2026-06-11T13:33:37.717981+00:00,room7,running,0.00,0.90
2026-06-11T13:33:37.717981+00:00,room8,running,0.00,0.94
2026-06-11T13:33:37.717981+00:00,room9,running,0.00,0.92
2026-06-11T13:33:37.717981+00:00,secret-server,running,0.03,15.82
2026-06-11T13:33:37.717981+00:00,room10,running,0.00,1.03
2026-06-11T13:33:37.717981+00:00,room11,running,0.00,1.36
2026-06-11T13:33:37.717981+00:00,final,running,0.00,0.92
2026-06-11T13:33:37.717981+00:00,secret-a,running,0.00,1.11
2026-06-11T13:33:37.717981+00:00,secret-b,running,0.00,0.91
2026-06-11T13:33:46.319037+00:00,room0,stopped,0.00,0.00
2026-06-11T13:33:46.319037+00:00,room1,stopped,0.00,0.00
2026-06-11T13:33:46.319037+00:00,room2,stopped,0.00,0.00
2026-06-11T13:33:46.319037+00:00,room3,running,0.00,4.58
2026-06-11T13:33:46.319037+00:00,room4,running,0.00,0.94
2026-06-11T13:33:46.319037+00:00,locked-server,running,0.03,19.02
2026-06-11T13:33:46.319037+00:00,room5,running,0.00,5.15
2026-06-11T13:33:46.319037+00:00,room6,running,0.00,0.93
2026-06-11T13:33:46.319037+00:00,room7,running,0.00,0.90
2026-06-11T13:33:46.319037+00:00,room8,running,0.00,0.94
2026-06-11T13:33:46.319037+00:00,room9,running,0.00,0.92
2026-06-11T13:33:46.319037+00:00,secret-server,running,0.02,15.82
2026-06-11T13:33:46.319037+00:00,room10,running,0.00,1.03
2026-06-11T13:33:46.319037+00:00,room11,running,0.00,1.36
2026-06-11T13:33:46.319037+00:00,final,running,0.00,0.92
2026-06-11T13:33:46.319037+00:00,secret-a,running,0.00,1.11
2026-06-11T13:33:46.319037+00:00,secret-b,running,0.00,0.91
2026-06-11T13:33:54.954348+00:00,room0,stopped,0.00,0.00
2026-06-11T13:33:54.954348+00:00,room1,stopped,0.00,0.00
2026-06-11T13:33:54.954348+00:00,room2,stopped,0.00,0.00
2026-06-11T13:33:54.954348+00:00,room3,stopped,0.00,0.00
2026-06-11T13:33:54.954348+00:00,room4,running,0.00,0.94
2026-06-11T13:33:54.954348+00:00,locked-server,running,0.03,19.02
2026-06-11T13:33:54.954348+00:00,room5,running,0.00,5.15
2026-06-11T13:33:54.954348+00:00,room6,running,0.00,0.93
2026-06-11T13:33:54.954348+00:00,room7,running,0.00,0.90
2026-06-11T13:33:54.954348+00:00,room8,running,0.00,0.94
2026-06-11T13:33:54.954348+00:00,room9,running,0.00,0.92
2026-06-11T13:33:54.954348+00:00,secret-server,running,0.02,15.82
2026-06-11T13:33:54.954348+00:00,room10,running,0.00,1.03
2026-06-11T13:33:54.954348+00:00,room11,running,0.00,1.36
2026-06-11T13:33:54.954348+00:00,final,running,0.00,0.92
2026-06-11T13:33:54.954348+00:00,secret-a,running,0.00,1.11
2026-06-11T13:33:54.954348+00:00,secret-b,running,0.00,0.91
2026-06-11T13:34:03.500296+00:00,room0,stopped,0.00,0.00
2026-06-11T13:34:03.500296+00:00,room1,stopped,0.00,0.00
2026-06-11T13:34:03.500296+00:00,room2,stopped,0.00,0.00
2026-06-11T13:34:03.500296+00:00,room3,stopped,0.00,0.00
2026-06-11T13:34:03.500296+00:00,room4,running,0.00,0.94
2026-06-11T13:34:03.500296+00:00,locked-server,running,0.02,19.02
2026-06-11T13:34:03.500296+00:00,room5,running,0.00,5.15
2026-06-11T13:34:03.500296+00:00,room6,running,0.00,0.93
2026-06-11T13:34:03.500296+00:00,room7,running,0.00,0.90
2026-06-11T13:34:03.500296+00:00,room8,running,0.00,0.94
2026-06-11T13:34:03.500296+00:00,room9,running,0.00,0.92
2026-06-11T13:34:03.500296+00:00,secret-server,running,0.02,15.82
2026-06-11T13:34:03.500296+00:00,room10,running,0.00,1.03
2026-06-11T13:34:03.500296+00:00,room11,running,0.00,1.36
2026-06-11T13:34:03.500296+00:00,final,running,0.00,0.92
2026-06-11T13:34:03.500296+00:00,secret-a,running,0.00,1.11
2026-06-11T13:34:03.500296+00:00,secret-b,running,0.00,0.91
2026-06-11T13:34:12.059791+00:00,room0,stopped,0.00,0.00
2026-06-11T13:34:12.059791+00:00,room1,stopped,0.00,0.00
2026-06-11T13:34:12.059791+00:00,room2,stopped,0.00,0.00
2026-06-11T13:34:12.059791+00:00,room3,stopped,0.00,0.00
2026-06-11T13:34:12.059791+00:00,room4,stopped,0.00,0.00
2026-06-11T13:34:12.059791+00:00,locked-server,running,0.02,19.02
2026-06-11T13:34:12.059791+00:00,room5,running,0.00,5.15
2026-06-11T13:34:12.059791+00:00,room6,running,0.00,0.93
2026-06-11T13:34:12.059791+00:00,room7,running,0.00,0.90
2026-06-11T13:34:12.059791+00:00,room8,running,0.00,0.94
2026-06-11T13:34:12.059791+00:00,room9,running,0.00,0.92
2026-06-11T13:34:12.059791+00:00,secret-server,running,0.01,15.82
2026-06-11T13:34:12.059791+00:00,room10,running,0.00,1.03
2026-06-11T13:34:12.059791+00:00,room11,running,0.00,1.36
2026-06-11T13:34:12.059791+00:00,final,running,0.00,0.92
2026-06-11T13:34:12.059791+00:00,secret-a,running,0.00,1.11
2026-06-11T13:34:12.059791+00:00,secret-b,running,0.00,0.91
2026-06-11T13:34:19.952983+00:00,room0,stopped,0.00,0.00
2026-06-11T13:34:19.952983+00:00,room1,stopped,0.00,0.00
2026-06-11T13:34:19.952983+00:00,room2,stopped,0.00,0.00
2026-06-11T13:34:19.952983+00:00,room3,stopped,0.00,0.00
2026-06-11T13:34:19.952983+00:00,room4,stopped,0.00,0.00
2026-06-11T13:34:19.952983+00:00,locked-server,stopped,0.00,0.00
2026-06-11T13:34:19.952983+00:00,room5,running,0.00,5.15
2026-06-11T13:34:19.952983+00:00,room6,running,0.00,0.93
2026-06-11T13:34:19.952983+00:00,room7,running,0.00,0.90
2026-06-11T13:34:19.952983+00:00,room8,running,0.00,0.94
2026-06-11T13:34:19.952983+00:00,room9,running,0.00,0.92
2026-06-11T13:34:19.952983+00:00,secret-server,running,0.02,15.82
2026-06-11T13:34:19.952983+00:00,room10,running,0.00,1.03
2026-06-11T13:34:19.952983+00:00,room11,running,0.00,1.36
2026-06-11T13:34:19.952983+00:00,final,running,0.00,0.92
2026-06-11T13:34:19.952983+00:00,secret-a,running,0.00,1.11
2026-06-11T13:34:19.952983+00:00,secret-b,running,0.00,0.91
2026-06-11T13:34:27.706472+00:00,room0,stopped,0.00,0.00
2026-06-11T13:34:27.706472+00:00,room1,stopped,0.00,0.00
2026-06-11T13:34:27.706472+00:00,room2,stopped,0.00,0.00
2026-06-11T13:34:27.706472+00:00,room3,stopped,0.00,0.00
2026-06-11T13:34:27.706472+00:00,room4,stopped,0.00,0.00
2026-06-11T13:34:27.706472+00:00,locked-server,stopped,0.00,0.00
2026-06-11T13:34:27.706472+00:00,room5,running,0.00,0.00
2026-06-11T13:34:27.706472+00:00,room6,running,0.00,0.93
2026-06-11T13:34:27.706472+00:00,room7,running,0.00,0.90
2026-06-11T13:34:27.706472+00:00,room8,running,0.00,0.94
2026-06-11T13:34:27.706472+00:00,room9,running,0.00,0.92
2026-06-11T13:34:27.706472+00:00,secret-server,running,0.01,15.82
2026-06-11T13:34:27.706472+00:00,room10,running,0.00,1.03
2026-06-11T13:34:27.706472+00:00,room11,running,0.00,1.36
2026-06-11T13:34:27.706472+00:00,final,running,0.00,0.92
2026-06-11T13:34:27.706472+00:00,secret-a,running,0.00,1.11
2026-06-11T13:34:27.706472+00:00,secret-b,running,0.00,0.91
2026-06-11T13:34:36.225812+00:00,room0,stopped,0.00,0.00
2026-06-11T13:34:36.225812+00:00,room1,stopped,0.00,0.00
2026-06-11T13:34:36.225812+00:00,room2,stopped,0.00,0.00
2026-06-11T13:34:36.225812+00:00,room3,stopped,0.00,0.00
2026-06-11T13:34:36.225812+00:00,room4,stopped,0.00,0.00
2026-06-11T13:34:36.225812+00:00,locked-server,stopped,0.00,0.00
2026-06-11T13:34:36.225812+00:00,room5,stopped,0.00,0.00
2026-06-11T13:34:36.225812+00:00,room6,stopped,0.00,0.00
2026-06-11T13:34:36.225812+00:00,room7,running,0.00,0.90
2026-06-11T13:34:36.225812+00:00,room8,running,0.00,0.94
2026-06-11T13:34:36.225812+00:00,room9,running,0.00,0.92
2026-06-11T13:34:36.225812+00:00,secret-server,running,0.02,15.82
2026-06-11T13:34:36.225812+00:00,room10,running,0.00,1.03
2026-06-11T13:34:36.225812+00:00,room11,running,0.00,1.36
2026-06-11T13:34:36.225812+00:00,final,running,0.00,0.92
2026-06-11T13:34:36.225812+00:00,secret-a,running,0.00,1.11
2026-06-11T13:34:36.225812+00:00,secret-b,running,0.00,0.91
2026-06-11T13:34:44.717136+00:00,room0,stopped,0.00,0.00
2026-06-11T13:34:44.717136+00:00,room1,stopped,0.00,0.00
2026-06-11T13:34:44.717136+00:00,room2,stopped,0.00,0.00
2026-06-11T13:34:44.717136+00:00,room3,stopped,0.00,0.00
2026-06-11T13:34:44.717136+00:00,room4,stopped,0.00,0.00
2026-06-11T13:34:44.717136+00:00,locked-server,stopped,0.00,0.00
2026-06-11T13:34:44.717136+00:00,room5,stopped,0.00,0.00
2026-06-11T13:34:44.717136+00:00,room6,stopped,0.00,0.00
2026-06-11T13:34:44.717136+00:00,room7,running,0.00,0.90
2026-06-11T13:34:44.717136+00:00,room8,running,0.00,0.94
2026-06-11T13:34:44.717136+00:00,room9,running,0.00,0.92
2026-06-11T13:34:44.717136+00:00,secret-server,running,0.02,15.82
2026-06-11T13:34:44.717136+00:00,room10,running,0.00,1.03
2026-06-11T13:34:44.717136+00:00,room11,running,0.00,1.36
2026-06-11T13:34:44.717136+00:00,final,running,0.00,0.92
2026-06-11T13:34:44.717136+00:00,secret-a,running,0.00,1.11
2026-06-11T13:34:44.717136+00:00,secret-b,running,0.00,0.91
2026-06-11T13:34:53.103321+00:00,room0,stopped,0.00,0.00
2026-06-11T13:34:53.103321+00:00,room1,stopped,0.00,0.00
2026-06-11T13:34:53.103321+00:00,room2,stopped,0.00,0.00
2026-06-11T13:34:53.103321+00:00,room3,stopped,0.00,0.00
2026-06-11T13:34:53.103321+00:00,room4,stopped,0.00,0.00
2026-06-11T13:34:53.103321+00:00,locked-server,stopped,0.00,0.00
2026-06-11T13:34:53.103321+00:00,room5,stopped,0.00,0.00
2026-06-11T13:34:53.103321+00:00,room6,stopped,0.00,0.00
2026-06-11T13:34:53.103321+00:00,room7,stopped,0.00,0.00
2026-06-11T13:34:53.103321+00:00,room8,running,0.00,0.94
2026-06-11T13:34:53.103321+00:00,room9,running,0.00,0.92
2026-06-11T13:34:53.103321+00:00,secret-server,running,0.02,15.82
2026-06-11T13:34:53.103321+00:00,room10,running,0.00,1.03
2026-06-11T13:34:53.103321+00:00,room11,running,0.00,1.36
2026-06-11T13:34:53.103321+00:00,final,running,0.00,0.92
2026-06-11T13:34:53.103321+00:00,secret-a,running,0.00,1.11
2026-06-11T13:34:53.103321+00:00,secret-b,running,0.00,0.91
2026-06-11T13:35:01.369770+00:00,room0,stopped,0.00,0.00
2026-06-11T13:35:01.369770+00:00,room1,stopped,0.00,0.00
2026-06-11T13:35:01.369770+00:00,room2,stopped,0.00,0.00
2026-06-11T13:35:01.369770+00:00,room3,stopped,0.00,0.00
2026-06-11T13:35:01.369770+00:00,room4,stopped,0.00,0.00
2026-06-11T13:35:01.369770+00:00,locked-server,stopped,0.00,0.00
2026-06-11T13:35:01.369770+00:00,room5,stopped,0.00,0.00
2026-06-11T13:35:01.369770+00:00,room6,stopped,0.00,0.00
2026-06-11T13:35:01.369770+00:00,room7,stopped,0.00,0.00
2026-06-11T13:35:01.369770+00:00,room8,stopped,0.00,0.00
2026-06-11T13:35:01.369770+00:00,room9,running,0.00,0.92
2026-06-11T13:35:01.369770+00:00,secret-server,running,0.02,15.82
2026-06-11T13:35:01.369770+00:00,room10,running,0.00,1.03
2026-06-11T13:35:01.369770+00:00,room11,running,0.00,1.36
2026-06-11T13:35:01.369770+00:00,final,running,0.00,0.92
2026-06-11T13:35:01.369770+00:00,secret-a,running,0.00,1.11
2026-06-11T13:35:01.369770+00:00,secret-b,running,0.00,0.91
2026-06-11T13:35:09.827794+00:00,room0,stopped,0.00,0.00
2026-06-11T13:35:09.827794+00:00,room1,stopped,0.00,0.00
2026-06-11T13:35:09.827794+00:00,room2,stopped,0.00,0.00
2026-06-11T13:35:09.827794+00:00,room3,stopped,0.00,0.00
2026-06-11T13:35:09.827794+00:00,room4,stopped,0.00,0.00
2026-06-11T13:35:09.827794+00:00,locked-server,stopped,0.00,0.00
2026-06-11T13:35:09.827794+00:00,room5,stopped,0.00,0.00
2026-06-11T13:35:09.827794+00:00,room6,stopped,0.00,0.00
2026-06-11T13:35:09.827794+00:00,room7,stopped,0.00,0.00
2026-06-11T13:35:09.827794+00:00,room8,stopped,0.00,0.00
2026-06-11T13:35:09.827794+00:00,room9,stopped,0.00,0.00
2026-06-11T13:35:09.827794+00:00,secret-server,running,0.02,15.82
2026-06-11T13:35:09.827794+00:00,room10,running,0.00,1.03
2026-06-11T13:35:09.827794+00:00,room11,running,0.00,1.36
2026-06-11T13:35:09.827794+00:00,final,running,0.00,0.92
2026-06-11T13:35:09.827794+00:00,secret-a,running,0.00,1.11
2026-06-11T13:35:09.827794+00:00,secret-b,running,0.00,0.91
2026-06-11T13:35:18.173244+00:00,room0,stopped,0.00,0.00
2026-06-11T13:35:18.173244+00:00,room1,stopped,0.00,0.00
2026-06-11T13:35:18.173244+00:00,room2,stopped,0.00,0.00
2026-06-11T13:35:18.173244+00:00,room3,stopped,0.00,0.00
2026-06-11T13:35:18.173244+00:00,room4,stopped,0.00,0.00
2026-06-11T13:35:18.173244+00:00,locked-server,stopped,0.00,0.00
2026-06-11T13:35:18.173244+00:00,room5,stopped,0.00,0.00
2026-06-11T13:35:18.173244+00:00,room6,stopped,0.00,0.00
2026-06-11T13:35:18.173244+00:00,room7,stopped,0.00,0.00
2026-06-11T13:35:18.173244+00:00,room8,stopped,0.00,0.00
2026-06-11T13:35:18.173244+00:00,room9,stopped,0.00,0.00
2026-06-11T13:35:18.173244+00:00,secret-server,running,0.01,15.82
2026-06-11T13:35:18.173244+00:00,room10,running,0.00,1.03
2026-06-11T13:35:18.173244+00:00,room11,running,0.00,1.36
2026-06-11T13:35:18.173244+00:00,final,running,0.00,0.92
2026-06-11T13:35:18.173244+00:00,secret-a,running,0.00,1.11
2026-06-11T13:35:18.173244+00:00,secret-b,running,0.00,0.91
2026-06-11T13:35:26.442568+00:00,room0,stopped,0.00,0.00
2026-06-11T13:35:26.442568+00:00,room1,stopped,0.00,0.00
2026-06-11T13:35:26.442568+00:00,room2,stopped,0.00,0.00
2026-06-11T13:35:26.442568+00:00,room3,stopped,0.00,0.00
2026-06-11T13:35:26.442568+00:00,room4,stopped,0.00,0.00
2026-06-11T13:35:26.442568+00:00,locked-server,stopped,0.00,0.00
2026-06-11T13:35:26.442568+00:00,room5,stopped,0.00,0.00
2026-06-11T13:35:26.442568+00:00,room6,stopped,0.00,0.00
2026-06-11T13:35:26.442568+00:00,room7,stopped,0.00,0.00
2026-06-11T13:35:26.442568+00:00,room8,stopped,0.00,0.00
2026-06-11T13:35:26.442568+00:00,room9,stopped,0.00,0.00
2026-06-11T13:35:26.442568+00:00,secret-server,stopped,0.00,0.00
2026-06-11T13:35:26.442568+00:00,room10,running,0.00,1.03
2026-06-11T13:35:26.442568+00:00,room11,running,0.00,1.36
2026-06-11T13:35:26.442568+00:00,final,running,0.00,0.92
2026-06-11T13:35:26.442568+00:00,secret-a,running,0.00,1.11
2026-06-11T13:35:26.442568+00:00,secret-b,running,0.00,0.91
2026-06-11T13:35:34.600367+00:00,room0,stopped,0.00,0.00
2026-06-11T13:35:34.600367+00:00,room1,stopped,0.00,0.00
2026-06-11T13:35:34.600367+00:00,room2,stopped,0.00,0.00
2026-06-11T13:35:34.600367+00:00,room3,stopped,0.00,0.00
2026-06-11T13:35:34.600367+00:00,room4,stopped,0.00,0.00
2026-06-11T13:35:34.600367+00:00,locked-server,stopped,0.00,0.00
2026-06-11T13:35:34.600367+00:00,room5,stopped,0.00,0.00
2026-06-11T13:35:34.600367+00:00,room6,stopped,0.00,0.00
2026-06-11T13:35:34.600367+00:00,room7,stopped,0.00,0.00
2026-06-11T13:35:34.600367+00:00,room8,stopped,0.00,0.00
2026-06-11T13:35:34.600367+00:00,room9,stopped,0.00,0.00
2026-06-11T13:35:34.600367+00:00,secret-server,stopped,0.00,0.00
2026-06-11T13:35:34.600367+00:00,room10,stopped,0.00,0.00
2026-06-11T13:35:34.600367+00:00,room11,running,0.00,1.36
2026-06-11T13:35:34.600367+00:00,final,running,0.00,0.92
2026-06-11T13:35:34.600367+00:00,secret-a,running,0.00,1.11
2026-06-11T13:35:34.600367+00:00,secret-b,running,0.00,0.91
2026-06-11T13:35:42.802275+00:00,room0,stopped,0.00,0.00
2026-06-11T13:35:42.802275+00:00,room1,stopped,0.00,0.00
2026-06-11T13:35:42.802275+00:00,room2,stopped,0.00,0.00
2026-06-11T13:35:42.802275+00:00,room3,stopped,0.00,0.00
2026-06-11T13:35:42.802275+00:00,room4,stopped,0.00,0.00
2026-06-11T13:35:42.802275+00:00,locked-server,stopped,0.00,0.00
2026-06-11T13:35:42.802275+00:00,room5,stopped,0.00,0.00
2026-06-11T13:35:42.802275+00:00,room6,stopped,0.00,0.00
2026-06-11T13:35:42.802275+00:00,room7,stopped,0.00,0.00
2026-06-11T13:35:42.802275+00:00,room8,stopped,0.00,0.00
2026-06-11T13:35:42.802275+00:00,room9,stopped,0.00,0.00
2026-06-11T13:35:42.802275+00:00,secret-server,stopped,0.00,0.00
2026-06-11T13:35:42.802275+00:00,room10,stopped,0.00,0.00
2026-06-11T13:35:42.802275+00:00,room11,stopped,0.00,0.00
2026-06-11T13:35:42.802275+00:00,final,running,0.00,0.92
2026-06-11T13:35:42.802275+00:00,secret-a,running,0.00,1.11
2026-06-11T13:35:42.802275+00:00,secret-b,running,0.00,0.91
2026-06-11T13:35:50.934625+00:00,room0,stopped,0.00,0.00
2026-06-11T13:35:50.934625+00:00,room1,stopped,0.00,0.00
2026-06-11T13:35:50.934625+00:00,room2,stopped,0.00,0.00
2026-06-11T13:35:50.934625+00:00,room3,stopped,0.00,0.00
2026-06-11T13:35:50.934625+00:00,room4,stopped,0.00,0.00
2026-06-11T13:35:50.934625+00:00,locked-server,stopped,0.00,0.00
2026-06-11T13:35:50.934625+00:00,room5,stopped,0.00,0.00
2026-06-11T13:35:50.934625+00:00,room6,stopped,0.00,0.00
2026-06-11T13:35:50.934625+00:00,room7,stopped,0.00,0.00
2026-06-11T13:35:50.934625+00:00,room8,stopped,0.00,0.00
2026-06-11T13:35:50.934625+00:00,room9,stopped,0.00,0.00
2026-06-11T13:35:50.934625+00:00,secret-server,stopped,0.00,0.00
2026-06-11T13:35:50.934625+00:00,room10,stopped,0.00,0.00
2026-06-11T13:35:50.934625+00:00,room11,stopped,0.00,0.00
2026-06-11T13:35:50.934625+00:00,final,stopped,0.00,0.00
2026-06-11T13:35:50.934625+00:00,secret-a,running,0.00,1.11
2026-06-11T13:35:50.934625+00:00,secret-b,running,0.00,0.91
2026-06-11T13:35:59.234062+00:00,room0,stopped,0.00,0.00
2026-06-11T13:35:59.234062+00:00,room1,stopped,0.00,0.00
2026-06-11T13:35:59.234062+00:00,room2,stopped,0.00,0.00
2026-06-11T13:35:59.234062+00:00,room3,stopped,0.00,0.00
2026-06-11T13:35:59.234062+00:00,room4,stopped,0.00,0.00
2026-06-11T13:35:59.234062+00:00,locked-server,stopped,0.00,0.00
2026-06-11T13:35:59.234062+00:00,room5,stopped,0.00,0.00
2026-06-11T13:35:59.234062+00:00,room6,stopped,0.00,0.00
2026-06-11T13:35:59.234062+00:00,room7,stopped,0.00,0.00
2026-06-11T13:35:59.234062+00:00,room8,stopped,0.00,0.00
2026-06-11T13:35:59.234062+00:00,room9,stopped,0.00,0.00
2026-06-11T13:35:59.234062+00:00,secret-server,stopped,0.00,0.00
2026-06-11T13:35:59.234062+00:00,room10,stopped,0.00,0.00
2026-06-11T13:35:59.234062+00:00,room11,stopped,0.00,0.00
2026-06-11T13:35:59.234062+00:00,final,stopped,0.00,0.00
2026-06-11T13:35:59.234062+00:00,secret-a,running,0.00,1.11
2026-06-11T13:35:59.234062+00:00,secret-b,running,0.00,0.91
2026-06-11T13:36:07.273990+00:00,room0,stopped,0.00,0.00
2026-06-11T13:36:07.273990+00:00,room1,stopped,0.00,0.00
2026-06-11T13:36:07.273990+00:00,room2,stopped,0.00,0.00
2026-06-11T13:36:07.273990+00:00,room3,stopped,0.00,0.00
2026-06-11T13:36:07.273990+00:00,room4,stopped,0.00,0.00
2026-06-11T13:36:07.273990+00:00,locked-server,stopped,0.00,0.00
2026-06-11T13:36:07.273990+00:00,room5,stopped,0.00,0.00
2026-06-11T13:36:07.273990+00:00,room6,stopped,0.00,0.00
2026-06-11T13:36:07.273990+00:00,room7,stopped,0.00,0.00
2026-06-11T13:36:07.273990+00:00,room8,stopped,0.00,0.00
2026-06-11T13:36:07.273990+00:00,room9,stopped,0.00,0.00
2026-06-11T13:36:07.273990+00:00,secret-server,stopped,0.00,0.00
2026-06-11T13:36:07.273990+00:00,room10,stopped,0.00,0.00
2026-06-11T13:36:07.273990+00:00,room11,stopped,0.00,0.00
2026-06-11T13:36:07.273990+00:00,final,stopped,0.00,0.00
2026-06-11T13:36:07.273990+00:00,secret-a,stopped,0.00,0.00
2026-06-11T13:36:07.273990+00:00,secret-b,running,0.00,0.91
2026-06-11T13:36:15.306655+00:00,room0,stopped,0.00,0.00
2026-06-11T13:36:15.306655+00:00,room1,stopped,0.00,0.00
2026-06-11T13:36:15.306655+00:00,room2,stopped,0.00,0.00
2026-06-11T13:36:15.306655+00:00,room3,stopped,0.00,0.00
2026-06-11T13:36:15.306655+00:00,room4,stopped,0.00,0.00
2026-06-11T13:36:15.306655+00:00,locked-server,stopped,0.00,0.00
2026-06-11T13:36:15.306655+00:00,room5,stopped,0.00,0.00
2026-06-11T13:36:15.306655+00:00,room6,stopped,0.00,0.00
2026-06-11T13:36:15.306655+00:00,room7,stopped,0.00,0.00
2026-06-11T13:36:15.306655+00:00,room8,stopped,0.00,0.00
2026-06-11T13:36:15.306655+00:00,room9,stopped,0.00,0.00
2026-06-11T13:36:15.306655+00:00,secret-server,stopped,0.00,0.00
2026-06-11T13:36:15.306655+00:00,room10,stopped,0.00,0.00
2026-06-11T13:36:15.306655+00:00,room11,stopped,0.00,0.00
2026-06-11T13:36:15.306655+00:00,final,stopped,0.00,0.00
2026-06-11T13:36:15.306655+00:00,secret-a,stopped,0.00,0.00
2026-06-11T13:36:15.306655+00:00,secret-b,stopped,0.00,0.00
2026-06-11T13:36:20.503399+00:00,room0,stopped,0.00,0.00
2026-06-11T13:36:20.503399+00:00,room1,stopped,0.00,0.00
2026-06-11T13:36:20.503399+00:00,room2,stopped,0.00,0.00
2026-06-11T13:36:20.503399+00:00,room3,stopped,0.00,0.00
2026-06-11T13:36:20.503399+00:00,room4,stopped,0.00,0.00
2026-06-11T13:36:20.503399+00:00,locked-server,stopped,0.00,0.00
2026-06-11T13:36:20.503399+00:00,room5,stopped,0.00,0.00
2026-06-11T13:36:20.503399+00:00,room6,stopped,0.00,0.00
2026-06-11T13:36:20.503399+00:00,room7,stopped,0.00,0.00
2026-06-11T13:36:20.503399+00:00,room8,stopped,0.00,0.00
2026-06-11T13:36:20.503399+00:00,room9,stopped,0.00,0.00
2026-06-11T13:36:20.503399+00:00,secret-server,stopped,0.00,0.00
2026-06-11T13:36:20.503399+00:00,room10,stopped,0.00,0.00
2026-06-11T13:36:20.503399+00:00,room11,stopped,0.00,0.00
2026-06-11T13:36:20.503399+00:00,final,stopped,0.00,0.00
2026-06-11T13:36:20.503399+00:00,secret-a,stopped,0.00,0.00
2026-06-11T13:36:20.503399+00:00,secret-b,stopped,0.00,0.00
2026-06-11T13:36:25.849904+00:00,room0,stopped,0.00,0.00
2026-06-11T13:36:25.849904+00:00,room1,stopped,0.00,0.00
2026-06-11T13:36:25.849904+00:00,room2,stopped,0.00,0.00
2026-06-11T13:36:25.849904+00:00,room3,stopped,0.00,0.00
2026-06-11T13:36:25.849904+00:00,room4,stopped,0.00,0.00
2026-06-11T13:36:25.849904+00:00,locked-server,stopped,0.00,0.00
2026-06-11T13:36:25.849904+00:00,room5,stopped,0.00,0.00
2026-06-11T13:36:25.849904+00:00,room6,stopped,0.00,0.00
2026-06-11T13:36:25.849904+00:00,room7,stopped,0.00,0.00
2026-06-11T13:36:25.849904+00:00,room8,stopped,0.00,0.00
2026-06-11T13:36:25.849904+00:00,room9,stopped,0.00,0.00
2026-06-11T13:36:25.849904+00:00,secret-server,stopped,0.00,0.00
2026-06-11T13:36:25.849904+00:00,room10,stopped,0.00,0.00
2026-06-11T13:36:25.849904+00:00,room11,stopped,0.00,0.00
2026-06-11T13:36:25.849904+00:00,final,stopped,0.00,0.00
2026-06-11T13:36:25.849904+00:00,secret-a,stopped,0.00,0.00
2026-06-11T13:36:25.849904+00:00,secret-b,stopped,0.00,0.00
2026-06-11T13:36:31.056935+00:00,room0,stopped,0.00,0.00
2026-06-11T13:36:31.056935+00:00,room1,stopped,0.00,0.00
2026-06-11T13:36:31.056935+00:00,room2,stopped,0.00,0.00
2026-06-11T13:36:31.056935+00:00,room3,stopped,0.00,0.00
2026-06-11T13:36:31.056935+00:00,room4,stopped,0.00,0.00
2026-06-11T13:36:31.056935+00:00,locked-server,stopped,0.00,0.00
2026-06-11T13:36:31.056935+00:00,room5,stopped,0.00,0.00
2026-06-11T13:36:31.056935+00:00,room6,stopped,0.00,0.00
2026-06-11T13:36:31.056935+00:00,room7,stopped,0.00,0.00
2026-06-11T13:36:31.056935+00:00,room8,stopped,0.00,0.00
2026-06-11T13:36:31.056935+00:00,room9,stopped,0.00,0.00
2026-06-11T13:36:31.056935+00:00,secret-server,stopped,0.00,0.00
2026-06-11T13:36:31.056935+00:00,room10,stopped,0.00,0.00
2026-06-11T13:36:31.056935+00:00,room11,stopped,0.00,0.00
2026-06-11T13:36:31.056935+00:00,final,stopped,0.00,0.00
2026-06-11T13:36:31.056935+00:00,secret-a,stopped,0.00,0.00
2026-06-11T13:36:31.056935+00:00,secret-b,stopped,0.00,0.00
2026-06-11T13:36:36.239605+00:00,room0,stopped,0.00,0.00
2026-06-11T13:36:36.239605+00:00,room1,stopped,0.00,0.00
2026-06-11T13:36:36.239605+00:00,room2,stopped,0.00,0.00
2026-06-11T13:36:36.239605+00:00,room3,stopped,0.00,0.00
2026-06-11T13:36:36.239605+00:00,room4,stopped,0.00,0.00
2026-06-11T13:36:36.239605+00:00,locked-server,stopped,0.00,0.00
2026-06-11T13:36:36.239605+00:00,room5,stopped,0.00,0.00
2026-06-11T13:36:36.239605+00:00,room6,stopped,0.00,0.00
2026-06-11T13:36:36.239605+00:00,room7,stopped,0.00,0.00
2026-06-11T13:36:36.239605+00:00,room8,stopped,0.00,0.00
2026-06-11T13:36:36.239605+00:00,room9,stopped,0.00,0.00
2026-06-11T13:36:36.239605+00:00,secret-server,stopped,0.00,0.00
2026-06-11T13:36:36.239605+00:00,room10,stopped,0.00,0.00
2026-06-11T13:36:36.239605+00:00,room11,stopped,0.00,0.00
2026-06-11T13:36:36.239605+00:00,final,stopped,0.00,0.00
2026-06-11T13:36:36.239605+00:00,secret-a,stopped,0.00,0.00
2026-06-11T13:36:36.239605+00:00,secret-b,stopped,0.00,0.00
2026-06-11T13:36:41.468665+00:00,room0,stopped,0.00,0.00
2026-06-11T13:36:41.468665+00:00,room1,stopped,0.00,0.00
2026-06-11T13:36:41.468665+00:00,room2,stopped,0.00,0.00
2026-06-11T13:36:41.468665+00:00,room3,stopped,0.00,0.00
2026-06-11T13:36:41.468665+00:00,room4,stopped,0.00,0.00
2026-06-11T13:36:41.468665+00:00,locked-server,stopped,0.00,0.00
2026-06-11T13:36:41.468665+00:00,room5,stopped,0.00,0.00
2026-06-11T13:36:41.468665+00:00,room6,stopped,0.00,0.00
2026-06-11T13:36:41.468665+00:00,room7,stopped,0.00,0.00
2026-06-11T13:36:41.468665+00:00,room8,stopped,0.00,0.00
2026-06-11T13:36:41.468665+00:00,room9,stopped,0.00,0.00
2026-06-11T13:36:41.468665+00:00,secret-server,stopped,0.00,0.00
2026-06-11T13:36:41.468665+00:00,room10,stopped,0.00,0.00
2026-06-11T13:36:41.468665+00:00,room11,stopped,0.00,0.00
2026-06-11T13:36:41.468665+00:00,final,stopped,0.00,0.00
2026-06-11T13:36:41.468665+00:00,secret-a,stopped,0.00,0.00
2026-06-11T13:36:41.468665+00:00,secret-b,stopped,0.00,0.00
2026-06-11T13:36:46.661123+00:00,room0,stopped,0.00,0.00
2026-06-11T13:36:46.661123+00:00,room1,stopped,0.00,0.00
2026-06-11T13:36:46.661123+00:00,room2,stopped,0.00,0.00
2026-06-11T13:36:46.661123+00:00,room3,stopped,0.00,0.00
2026-06-11T13:36:46.661123+00:00,room4,stopped,0.00,0.00
2026-06-11T13:36:46.661123+00:00,locked-server,stopped,0.00,0.00
2026-06-11T13:36:46.661123+00:00,room5,stopped,0.00,0.00
2026-06-11T13:36:46.661123+00:00,room6,stopped,0.00,0.00
2026-06-11T13:36:46.661123+00:00,room7,stopped,0.00,0.00
2026-06-11T13:36:46.661123+00:00,room8,stopped,0.00,0.00
2026-06-11T13:36:46.661123+00:00,room9,stopped,0.00,0.00
2026-06-11T13:36:46.661123+00:00,secret-server,stopped,0.00,0.00
2026-06-11T13:36:46.661123+00:00,room10,stopped,0.00,0.00
2026-06-11T13:36:46.661123+00:00,room11,stopped,0.00,0.00
2026-06-11T13:36:46.661123+00:00,final,stopped,0.00,0.00
2026-06-11T13:36:46.661123+00:00,secret-a,stopped,0.00,0.00
2026-06-11T13:36:46.661123+00:00,secret-b,stopped,0.00,0.00
2026-06-11T13:36:51.882677+00:00,room0,running,0.00,1.72
2026-06-11T13:36:51.882677+00:00,room1,stopped,0.00,0.00
2026-06-11T13:36:51.882677+00:00,room2,stopped,0.00,0.00
2026-06-11T13:36:51.882677+00:00,room3,stopped,0.00,0.00
2026-06-11T13:36:51.882677+00:00,room4,stopped,0.00,0.00
2026-06-11T13:36:51.882677+00:00,locked-server,stopped,0.00,0.00
2026-06-11T13:36:51.882677+00:00,room5,stopped,0.00,0.00
2026-06-11T13:36:51.882677+00:00,room6,stopped,0.00,0.00
2026-06-11T13:36:51.882677+00:00,room7,stopped,0.00,0.00
2026-06-11T13:36:51.882677+00:00,room8,stopped,0.00,0.00
2026-06-11T13:36:51.882677+00:00,room9,stopped,0.00,0.00
2026-06-11T13:36:51.882677+00:00,secret-server,stopped,0.00,0.00
2026-06-11T13:36:51.882677+00:00,room10,stopped,0.00,0.00
2026-06-11T13:36:51.882677+00:00,room11,stopped,0.00,0.00
2026-06-11T13:36:51.882677+00:00,final,stopped,0.00,0.00
2026-06-11T13:36:51.882677+00:00,secret-a,stopped,0.00,0.00
2026-06-11T13:36:51.882677+00:00,secret-b,stopped,0.00,0.00
2026-06-11T13:36:59.800279+00:00,room0,running,0.00,1.46
2026-06-11T13:36:59.800279+00:00,room1,stopped,0.00,0.00
2026-06-11T13:36:59.800279+00:00,room2,stopped,0.00,0.00
2026-06-11T13:36:59.800279+00:00,room3,stopped,0.00,0.00
2026-06-11T13:36:59.800279+00:00,room4,stopped,0.00,0.00
2026-06-11T13:36:59.800279+00:00,locked-server,stopped,0.00,0.00
2026-06-11T13:36:59.800279+00:00,room5,stopped,0.00,0.00
2026-06-11T13:36:59.800279+00:00,room6,stopped,0.00,0.00
2026-06-11T13:36:59.800279+00:00,room7,stopped,0.00,0.00
2026-06-11T13:36:59.800279+00:00,room8,stopped,0.00,0.00
2026-06-11T13:36:59.800279+00:00,room9,stopped,0.00,0.00
2026-06-11T13:36:59.800279+00:00,secret-server,stopped,0.00,0.00
2026-06-11T13:36:59.800279+00:00,room10,stopped,0.00,0.00
2026-06-11T13:36:59.800279+00:00,room11,stopped,0.00,0.00
2026-06-11T13:36:59.800279+00:00,final,stopped,0.00,0.00
2026-06-11T13:36:59.800279+00:00,secret-a,stopped,0.00,0.00
2026-06-11T13:36:59.800279+00:00,secret-b,stopped,0.00,0.00
2026-06-11T13:37:07.827655+00:00,room0,running,0.00,1.46
2026-06-11T13:37:07.827655+00:00,room1,stopped,0.00,0.00
2026-06-11T13:37:07.827655+00:00,room2,stopped,0.00,0.00
2026-06-11T13:37:07.827655+00:00,room3,stopped,0.00,0.00
2026-06-11T13:37:07.827655+00:00,room4,stopped,0.00,0.00
2026-06-11T13:37:07.827655+00:00,locked-server,stopped,0.00,0.00
2026-06-11T13:37:07.827655+00:00,room5,stopped,0.00,0.00
2026-06-11T13:37:07.827655+00:00,room6,stopped,0.00,0.00
2026-06-11T13:37:07.827655+00:00,room7,stopped,0.00,0.00
2026-06-11T13:37:07.827655+00:00,room8,stopped,0.00,0.00
2026-06-11T13:37:07.827655+00:00,room9,stopped,0.00,0.00
2026-06-11T13:37:07.827655+00:00,secret-server,stopped,0.00,0.00
2026-06-11T13:37:07.827655+00:00,room10,stopped,0.00,0.00
2026-06-11T13:37:07.827655+00:00,room11,stopped,0.00,0.00
2026-06-11T13:37:07.827655+00:00,final,stopped,0.00,0.00
2026-06-11T13:37:07.827655+00:00,secret-a,stopped,0.00,0.00
2026-06-11T13:37:07.827655+00:00,secret-b,stopped,0.00,0.00
2026-06-11T13:37:15.845167+00:00,room0,running,0.00,1.04
2026-06-11T13:37:15.845167+00:00,room1,stopped,0.00,0.00
2026-06-11T13:37:15.845167+00:00,room2,stopped,0.00,0.00
2026-06-11T13:37:15.845167+00:00,room3,stopped,0.00,0.00
2026-06-11T13:37:15.845167+00:00,room4,stopped,0.00,0.00
2026-06-11T13:37:15.845167+00:00,locked-server,stopped,0.00,0.00
2026-06-11T13:37:15.845167+00:00,room5,stopped,0.00,0.00
2026-06-11T13:37:15.845167+00:00,room6,stopped,0.00,0.00
2026-06-11T13:37:15.845167+00:00,room7,stopped,0.00,0.00
2026-06-11T13:37:15.845167+00:00,room8,stopped,0.00,0.00
2026-06-11T13:37:15.845167+00:00,room9,stopped,0.00,0.00
2026-06-11T13:37:15.845167+00:00,secret-server,stopped,0.00,0.00
2026-06-11T13:37:15.845167+00:00,room10,stopped,0.00,0.00
2026-06-11T13:37:15.845167+00:00,room11,stopped,0.00,0.00
2026-06-11T13:37:15.845167+00:00,final,stopped,0.00,0.00
2026-06-11T13:37:15.845167+00:00,secret-a,stopped,0.00,0.00
2026-06-11T13:37:15.845167+00:00,secret-b,stopped,0.00,0.00
2026-06-11T13:37:24.780861+00:00,room0,running,0.00,1.04
2026-06-11T13:37:24.780861+00:00,room1,stopped,0.00,0.00
2026-06-11T13:37:24.780861+00:00,room2,stopped,0.00,0.00
2026-06-11T13:37:24.780861+00:00,room3,stopped,0.00,0.00
2026-06-11T13:37:24.780861+00:00,room4,stopped,0.00,0.00
2026-06-11T13:37:24.780861+00:00,locked-server,stopped,0.00,0.00
2026-06-11T13:37:24.780861+00:00,room5,stopped,0.00,0.00
2026-06-11T13:37:24.780861+00:00,room6,stopped,0.00,0.00
2026-06-11T13:37:24.780861+00:00,room7,stopped,0.00,0.00
2026-06-11T13:37:24.780861+00:00,room8,stopped,0.00,0.00
2026-06-11T13:37:24.780861+00:00,room9,stopped,0.00,0.00
2026-06-11T13:37:24.780861+00:00,secret-server,stopped,0.00,0.00
2026-06-11T13:37:24.780861+00:00,room10,stopped,0.00,0.00
2026-06-11T13:37:24.780861+00:00,room11,stopped,0.00,0.00
2026-06-11T13:37:24.780861+00:00,final,stopped,0.00,0.00
2026-06-11T13:37:24.780861+00:00,secret-a,stopped,0.00,0.00
2026-06-11T13:37:24.780861+00:00,secret-b,stopped,0.00,0.00
2026-06-11T13:37:33.080982+00:00,room0,running,0.00,1.04
2026-06-11T13:37:33.080982+00:00,room1,stopped,0.00,0.00
2026-06-11T13:37:33.080982+00:00,room2,stopped,0.00,0.00
2026-06-11T13:37:33.080982+00:00,room3,stopped,0.00,0.00
2026-06-11T13:37:33.080982+00:00,room4,stopped,0.00,0.00
2026-06-11T13:37:33.080982+00:00,locked-server,stopped,0.00,0.00
2026-06-11T13:37:33.080982+00:00,room5,stopped,0.00,0.00
2026-06-11T13:37:33.080982+00:00,room6,stopped,0.00,0.00
2026-06-11T13:37:33.080982+00:00,room7,stopped,0.00,0.00
2026-06-11T13:37:33.080982+00:00,room8,stopped,0.00,0.00
2026-06-11T13:37:33.080982+00:00,room9,stopped,0.00,0.00
2026-06-11T13:37:33.080982+00:00,secret-server,stopped,0.00,0.00
2026-06-11T13:37:33.080982+00:00,room10,stopped,0.00,0.00
2026-06-11T13:37:33.080982+00:00,room11,stopped,0.00,0.00
2026-06-11T13:37:33.080982+00:00,final,stopped,0.00,0.00
2026-06-11T13:37:33.080982+00:00,secret-a,stopped,0.00,0.00
2026-06-11T13:37:33.080982+00:00,secret-b,stopped,0.00,0.00
2026-06-11T13:37:41.088870+00:00,room0,running,0.00,1.04
2026-06-11T13:37:41.088870+00:00,room1,stopped,0.00,0.00
2026-06-11T13:37:41.088870+00:00,room2,stopped,0.00,0.00
2026-06-11T13:37:41.088870+00:00,room3,stopped,0.00,0.00
2026-06-11T13:37:41.088870+00:00,room4,stopped,0.00,0.00
2026-06-11T13:37:41.088870+00:00,locked-server,stopped,0.00,0.00
2026-06-11T13:37:41.088870+00:00,room5,stopped,0.00,0.00
2026-06-11T13:37:41.088870+00:00,room6,stopped,0.00,0.00
2026-06-11T13:37:41.088870+00:00,room7,stopped,0.00,0.00
2026-06-11T13:37:41.088870+00:00,room8,stopped,0.00,0.00
2026-06-11T13:37:41.088870+00:00,room9,stopped,0.00,0.00
2026-06-11T13:37:41.088870+00:00,secret-server,stopped,0.00,0.00
2026-06-11T13:37:41.088870+00:00,room10,stopped,0.00,0.00
2026-06-11T13:37:41.088870+00:00,room11,stopped,0.00,0.00
2026-06-11T13:37:41.088870+00:00,final,stopped,0.00,0.00
2026-06-11T13:37:41.088870+00:00,secret-a,stopped,0.00,0.00
2026-06-11T13:37:41.088870+00:00,secret-b,stopped,0.00,0.00
2026-06-11T13:37:48.785568+00:00,room0,running,0.00,1.04
2026-06-11T13:37:48.785568+00:00,room1,stopped,0.00,0.00
2026-06-11T13:37:48.785568+00:00,room2,stopped,0.00,0.00
2026-06-11T13:37:48.785568+00:00,room3,stopped,0.00,0.00
2026-06-11T13:37:48.785568+00:00,room4,stopped,0.00,0.00
2026-06-11T13:37:48.785568+00:00,locked-server,stopped,0.00,0.00
2026-06-11T13:37:48.785568+00:00,room5,stopped,0.00,0.00
2026-06-11T13:37:48.785568+00:00,room6,stopped,0.00,0.00
2026-06-11T13:37:48.785568+00:00,room7,stopped,0.00,0.00
2026-06-11T13:37:48.785568+00:00,room8,stopped,0.00,0.00
2026-06-11T13:37:48.785568+00:00,room9,stopped,0.00,0.00
2026-06-11T13:37:48.785568+00:00,secret-server,stopped,0.00,0.00
2026-06-11T13:37:48.785568+00:00,room10,stopped,0.00,0.00
2026-06-11T13:37:48.785568+00:00,room11,stopped,0.00,0.00
2026-06-11T13:37:48.785568+00:00,final,stopped,0.00,0.00
2026-06-11T13:37:48.785568+00:00,secret-a,stopped,0.00,0.00
2026-06-11T13:37:48.785568+00:00,secret-b,stopped,0.00,0.00
2026-06-11T13:37:56.796382+00:00,room0,running,0.00,1.04
2026-06-11T13:37:56.796382+00:00,room1,stopped,0.00,0.00
2026-06-11T13:37:56.796382+00:00,room2,stopped,0.00,0.00
2026-06-11T13:37:56.796382+00:00,room3,stopped,0.00,0.00
2026-06-11T13:37:56.796382+00:00,room4,stopped,0.00,0.00
2026-06-11T13:37:56.796382+00:00,locked-server,stopped,0.00,0.00
2026-06-11T13:37:56.796382+00:00,room5,stopped,0.00,0.00
2026-06-11T13:37:56.796382+00:00,room6,stopped,0.00,0.00
2026-06-11T13:37:56.796382+00:00,room7,stopped,0.00,0.00
2026-06-11T13:37:56.796382+00:00,room8,stopped,0.00,0.00
2026-06-11T13:37:56.796382+00:00,room9,stopped,0.00,0.00
2026-06-11T13:37:56.796382+00:00,secret-server,stopped,0.00,0.00
2026-06-11T13:37:56.796382+00:00,room10,stopped,0.00,0.00
2026-06-11T13:37:56.796382+00:00,room11,stopped,0.00,0.00
2026-06-11T13:37:56.796382+00:00,final,stopped,0.00,0.00
2026-06-11T13:37:56.796382+00:00,secret-a,stopped,0.00,0.00
2026-06-11T13:37:56.796382+00:00,secret-b,stopped,0.00,0.00
2026-06-11T13:38:04.803771+00:00,room0,running,0.00,1.04
2026-06-11T13:38:04.803771+00:00,room1,stopped,0.00,0.00
2026-06-11T13:38:04.803771+00:00,room2,stopped,0.00,0.00
2026-06-11T13:38:04.803771+00:00,room3,stopped,0.00,0.00
2026-06-11T13:38:04.803771+00:00,room4,stopped,0.00,0.00
2026-06-11T13:38:04.803771+00:00,locked-server,stopped,0.00,0.00
2026-06-11T13:38:04.803771+00:00,room5,stopped,0.00,0.00
2026-06-11T13:38:04.803771+00:00,room6,stopped,0.00,0.00
2026-06-11T13:38:04.803771+00:00,room7,stopped,0.00,0.00
2026-06-11T13:38:04.803771+00:00,room8,stopped,0.00,0.00
2026-06-11T13:38:04.803771+00:00,room9,stopped,0.00,0.00
2026-06-11T13:38:04.803771+00:00,secret-server,stopped,0.00,0.00
2026-06-11T13:38:04.803771+00:00,room10,stopped,0.00,0.00
2026-06-11T13:38:04.803771+00:00,room11,stopped,0.00,0.00
2026-06-11T13:38:04.803771+00:00,final,stopped,0.00,0.00
2026-06-11T13:38:04.803771+00:00,secret-a,stopped,0.00,0.00
2026-06-11T13:38:04.803771+00:00,secret-b,stopped,0.00,0.00
2026-06-11T13:38:12.817499+00:00,room0,running,0.00,1.04
2026-06-11T13:38:12.817499+00:00,room1,stopped,0.00,0.00
2026-06-11T13:38:12.817499+00:00,room2,stopped,0.00,0.00
2026-06-11T13:38:12.817499+00:00,room3,stopped,0.00,0.00
2026-06-11T13:38:12.817499+00:00,room4,stopped,0.00,0.00
2026-06-11T13:38:12.817499+00:00,locked-server,stopped,0.00,0.00
2026-06-11T13:38:12.817499+00:00,room5,stopped,0.00,0.00
2026-06-11T13:38:12.817499+00:00,room6,stopped,0.00,0.00
2026-06-11T13:38:12.817499+00:00,room7,stopped,0.00,0.00
2026-06-11T13:38:12.817499+00:00,room8,stopped,0.00,0.00
2026-06-11T13:38:12.817499+00:00,room9,stopped,0.00,0.00
2026-06-11T13:38:12.817499+00:00,secret-server,stopped,0.00,0.00
2026-06-11T13:38:12.817499+00:00,room10,stopped,0.00,0.00
2026-06-11T13:38:12.817499+00:00,room11,stopped,0.00,0.00
2026-06-11T13:38:12.817499+00:00,final,stopped,0.00,0.00
2026-06-11T13:38:12.817499+00:00,secret-a,stopped,0.00,0.00
2026-06-11T13:38:12.817499+00:00,secret-b,stopped,0.00,0.00
2026-06-11T13:38:19.876708+00:00,room0,running,0.00,1.04
2026-06-11T13:38:19.876708+00:00,room1,running,0.00,1.50
2026-06-11T13:38:19.876708+00:00,room2,stopped,0.00,0.00
2026-06-11T13:38:19.876708+00:00,room3,stopped,0.00,0.00
2026-06-11T13:38:19.876708+00:00,room4,stopped,0.00,0.00
2026-06-11T13:38:19.876708+00:00,locked-server,stopped,0.00,0.00
2026-06-11T13:38:19.876708+00:00,room5,stopped,0.00,0.00
2026-06-11T13:38:19.876708+00:00,room6,stopped,0.00,0.00
2026-06-11T13:38:19.876708+00:00,room7,stopped,0.00,0.00
2026-06-11T13:38:19.876708+00:00,room8,stopped,0.00,0.00
2026-06-11T13:38:19.876708+00:00,room9,stopped,0.00,0.00
2026-06-11T13:38:19.876708+00:00,secret-server,stopped,0.00,0.00
2026-06-11T13:38:19.876708+00:00,room10,stopped,0.00,0.00
2026-06-11T13:38:19.876708+00:00,room11,stopped,0.00,0.00
2026-06-11T13:38:19.876708+00:00,final,stopped,0.00,0.00
2026-06-11T13:38:19.876708+00:00,secret-a,stopped,0.00,0.00
2026-06-11T13:38:19.876708+00:00,secret-b,stopped,0.00,0.00
2026-06-11T13:38:27.934320+00:00,room0,running,0.00,1.04
2026-06-11T13:38:27.934320+00:00,room1,stopped,0.00,0.00
2026-06-11T13:38:27.934320+00:00,room2,running,0.00,1.53
2026-06-11T13:38:27.934320+00:00,room3,stopped,0.00,0.00
2026-06-11T13:38:27.934320+00:00,room4,stopped,0.00,0.00
2026-06-11T13:38:27.934320+00:00,locked-server,stopped,0.00,0.00
2026-06-11T13:38:27.934320+00:00,room5,stopped,0.00,0.00
2026-06-11T13:38:27.934320+00:00,room6,stopped,0.00,0.00
2026-06-11T13:38:27.934320+00:00,room7,stopped,0.00,0.00
2026-06-11T13:38:27.934320+00:00,room8,stopped,0.00,0.00
2026-06-11T13:38:27.934320+00:00,room9,stopped,0.00,0.00
2026-06-11T13:38:27.934320+00:00,secret-server,stopped,0.00,0.00
2026-06-11T13:38:27.934320+00:00,room10,stopped,0.00,0.00
2026-06-11T13:38:27.934320+00:00,room11,stopped,0.00,0.00
2026-06-11T13:38:27.934320+00:00,final,stopped,0.00,0.00
2026-06-11T13:38:27.934320+00:00,secret-a,stopped,0.00,0.00
2026-06-11T13:38:27.934320+00:00,secret-b,stopped,0.00,0.00
2026-06-11T13:38:35.980870+00:00,room0,running,0.00,1.04
2026-06-11T13:38:35.980870+00:00,room1,stopped,0.00,0.00
2026-06-11T13:38:35.980870+00:00,room2,stopped,0.00,0.00
2026-06-11T13:38:35.980870+00:00,room3,stopped,0.00,0.00
2026-06-11T13:38:35.980870+00:00,room4,stopped,0.00,0.00
2026-06-11T13:38:35.980870+00:00,locked-server,stopped,0.00,0.00
2026-06-11T13:38:35.980870+00:00,room5,stopped,0.00,0.00
2026-06-11T13:38:35.980870+00:00,room6,stopped,0.00,0.00
2026-06-11T13:38:35.980870+00:00,room7,stopped,0.00,0.00
2026-06-11T13:38:35.980870+00:00,room8,stopped,0.00,0.00
2026-06-11T13:38:35.980870+00:00,room9,stopped,0.00,0.00
2026-06-11T13:38:35.980870+00:00,secret-server,stopped,0.00,0.00
2026-06-11T13:38:35.980870+00:00,room10,stopped,0.00,0.00
2026-06-11T13:38:35.980870+00:00,room11,stopped,0.00,0.00
2026-06-11T13:38:35.980870+00:00,final,stopped,0.00,0.00
2026-06-11T13:38:35.980870+00:00,secret-a,stopped,0.00,0.00
2026-06-11T13:38:35.980870+00:00,secret-b,stopped,0.00,0.00
2026-06-11T13:38:44.345823+00:00,room0,running,0.00,1.04
2026-06-11T13:38:44.345823+00:00,room1,stopped,0.00,0.00
2026-06-11T13:38:44.345823+00:00,room2,stopped,0.00,0.00
2026-06-11T13:38:44.345823+00:00,room3,stopped,0.00,0.00
2026-06-11T13:38:44.345823+00:00,room4,stopped,0.00,0.00
2026-06-11T13:38:44.345823+00:00,locked-server,stopped,0.00,0.00
2026-06-11T13:38:44.345823+00:00,room5,stopped,0.00,0.00
2026-06-11T13:38:44.345823+00:00,room6,stopped,0.00,0.00
2026-06-11T13:38:44.345823+00:00,room7,stopped,0.00,0.00
2026-06-11T13:38:44.345823+00:00,room8,stopped,0.00,0.00
2026-06-11T13:38:44.345823+00:00,room9,stopped,0.00,0.00
2026-06-11T13:38:44.345823+00:00,secret-server,stopped,0.00,0.00
2026-06-11T13:38:44.345823+00:00,room10,stopped,0.00,0.00
2026-06-11T13:38:44.345823+00:00,room11,stopped,0.00,0.00
2026-06-11T13:38:44.345823+00:00,final,stopped,0.00,0.00
2026-06-11T13:38:44.345823+00:00,secret-a,stopped,0.00,0.00
2026-06-11T13:38:44.345823+00:00,secret-b,stopped,0.00,0.00
2026-06-11T13:38:52.441901+00:00,room0,running,0.00,1.04
2026-06-11T13:38:52.441901+00:00,room1,stopped,0.00,0.00
2026-06-11T13:38:52.441901+00:00,room2,stopped,0.00,0.00
2026-06-11T13:38:52.441901+00:00,room3,stopped,0.00,0.00
2026-06-11T13:38:52.441901+00:00,room4,running,0.00,0.95
2026-06-11T13:38:52.441901+00:00,locked-server,stopped,0.00,0.00
2026-06-11T13:38:52.441901+00:00,room5,running,0.00,1.38
2026-06-11T13:38:52.441901+00:00,room6,stopped,0.00,0.00
2026-06-11T13:38:52.441901+00:00,room7,stopped,0.00,0.00
2026-06-11T13:38:52.441901+00:00,room8,stopped,0.00,0.00
2026-06-11T13:38:52.441901+00:00,room9,stopped,0.00,0.00
2026-06-11T13:38:52.441901+00:00,secret-server,stopped,0.00,0.00
2026-06-11T13:38:52.441901+00:00,room10,stopped,0.00,0.00
2026-06-11T13:38:52.441901+00:00,room11,stopped,0.00,0.00
2026-06-11T13:38:52.441901+00:00,final,stopped,0.00,0.00
2026-06-11T13:38:52.441901+00:00,secret-a,stopped,0.00,0.00
2026-06-11T13:38:52.441901+00:00,secret-b,stopped,0.00,0.00
2026-06-11T13:39:00.014107+00:00,room0,running,0.00,1.04
2026-06-11T13:39:00.014107+00:00,room1,stopped,0.00,0.00
2026-06-11T13:39:00.014107+00:00,room2,stopped,0.00,0.00
2026-06-11T13:39:00.014107+00:00,room3,stopped,0.00,0.00
2026-06-11T13:39:00.014107+00:00,room4,running,0.00,0.95
2026-06-11T13:39:00.014107+00:00,locked-server,stopped,0.00,0.00
2026-06-11T13:39:00.014107+00:00,room5,stopped,0.00,0.00
2026-06-11T13:39:00.014107+00:00,room6,running,0.00,1.06
2026-06-11T13:39:00.014107+00:00,room7,stopped,0.00,0.00
2026-06-11T13:39:00.014107+00:00,room8,stopped,0.00,0.00
2026-06-11T13:39:00.014107+00:00,room9,stopped,0.00,0.00
2026-06-11T13:39:00.014107+00:00,secret-server,stopped,0.00,0.00
2026-06-11T13:39:00.014107+00:00,room10,stopped,0.00,0.00
2026-06-11T13:39:00.014107+00:00,room11,stopped,0.00,0.00
2026-06-11T13:39:00.014107+00:00,final,stopped,0.00,0.00
2026-06-11T13:39:00.014107+00:00,secret-a,stopped,0.00,0.00
2026-06-11T13:39:00.014107+00:00,secret-b,stopped,0.00,0.00
2026-06-11T13:39:08.148502+00:00,room0,running,0.00,1.04
2026-06-11T13:39:08.148502+00:00,room1,stopped,0.00,0.00
2026-06-11T13:39:08.148502+00:00,room2,stopped,0.00,0.00
2026-06-11T13:39:08.148502+00:00,room3,stopped,0.00,0.00
2026-06-11T13:39:08.148502+00:00,room4,running,0.00,0.95
2026-06-11T13:39:08.148502+00:00,locked-server,stopped,0.00,0.00
2026-06-11T13:39:08.148502+00:00,room5,stopped,0.00,0.00
2026-06-11T13:39:08.148502+00:00,room6,stopped,0.00,0.00
2026-06-11T13:39:08.148502+00:00,room7,stopped,0.00,0.00
2026-06-11T13:39:08.148502+00:00,room8,stopped,0.00,0.00
2026-06-11T13:39:08.148502+00:00,room9,stopped,0.00,0.00
2026-06-11T13:39:08.148502+00:00,secret-server,stopped,0.00,0.00
2026-06-11T13:39:08.148502+00:00,room10,stopped,0.00,0.00
2026-06-11T13:39:08.148502+00:00,room11,stopped,0.00,0.00
2026-06-11T13:39:08.148502+00:00,final,stopped,0.00,0.00
2026-06-11T13:39:08.148502+00:00,secret-a,stopped,0.00,0.00
2026-06-11T13:39:08.148502+00:00,secret-b,stopped,0.00,0.00
2026-06-11T13:39:17.253982+00:00,room0,running,0.00,1.04
2026-06-11T13:39:17.253982+00:00,room1,stopped,0.00,0.00
2026-06-11T13:39:17.253982+00:00,room2,stopped,0.00,0.00
2026-06-11T13:39:17.253982+00:00,room3,stopped,0.00,0.00
2026-06-11T13:39:17.253982+00:00,room4,running,0.00,0.91
2026-06-11T13:39:17.253982+00:00,locked-server,running,0.03,11.74
2026-06-11T13:39:17.253982+00:00,room5,stopped,0.00,0.00
2026-06-11T13:39:17.253982+00:00,room6,stopped,0.00,0.00
2026-06-11T13:39:17.253982+00:00,room7,running,0.00,0.93
2026-06-11T13:39:17.253982+00:00,room8,stopped,0.00,0.00
2026-06-11T13:39:17.253982+00:00,room9,stopped,0.00,0.00
2026-06-11T13:39:17.253982+00:00,secret-server,stopped,0.00,0.00
2026-06-11T13:39:17.253982+00:00,room10,stopped,0.00,0.00
2026-06-11T13:39:17.253982+00:00,room11,stopped,0.00,0.00
2026-06-11T13:39:17.253982+00:00,final,stopped,0.00,0.00
2026-06-11T13:39:17.253982+00:00,secret-a,stopped,0.00,0.00
2026-06-11T13:39:17.253982+00:00,secret-b,stopped,0.00,0.00
2026-06-11T13:39:25.495374+00:00,room0,running,0.00,1.04
2026-06-11T13:39:25.495374+00:00,room1,stopped,0.00,0.00
2026-06-11T13:39:25.495374+00:00,room2,stopped,0.00,0.00
2026-06-11T13:39:25.495374+00:00,room3,stopped,0.00,0.00
2026-06-11T13:39:25.495374+00:00,room4,stopped,0.00,0.00
2026-06-11T13:39:25.495374+00:00,locked-server,running,0.02,11.12
2026-06-11T13:39:25.495374+00:00,room5,stopped,0.00,0.00
2026-06-11T13:39:25.495374+00:00,room6,stopped,0.00,0.00
2026-06-11T13:39:25.495374+00:00,room7,stopped,0.00,0.00
2026-06-11T13:39:25.495374+00:00,room8,running,0.00,1.33
2026-06-11T13:39:25.495374+00:00,room9,stopped,0.00,0.00
2026-06-11T13:39:25.495374+00:00,secret-server,stopped,0.00,0.00
2026-06-11T13:39:25.495374+00:00,room10,stopped,0.00,0.00
2026-06-11T13:39:25.495374+00:00,room11,stopped,0.00,0.00
2026-06-11T13:39:25.495374+00:00,final,stopped,0.00,0.00
2026-06-11T13:39:25.495374+00:00,secret-a,stopped,0.00,0.00
2026-06-11T13:39:25.495374+00:00,secret-b,stopped,0.00,0.00
2026-06-11T13:39:33.588666+00:00,room0,running,0.00,1.04
2026-06-11T13:39:33.588666+00:00,room1,stopped,0.00,0.00
2026-06-11T13:39:33.588666+00:00,room2,stopped,0.00,0.00
2026-06-11T13:39:33.588666+00:00,room3,stopped,0.00,0.00
2026-06-11T13:39:33.588666+00:00,room4,stopped,0.00,0.00
2026-06-11T13:39:33.588666+00:00,locked-server,stopped,0.00,0.00
2026-06-11T13:39:33.588666+00:00,room5,stopped,0.00,0.00
2026-06-11T13:39:33.588666+00:00,room6,stopped,0.00,0.00
2026-06-11T13:39:33.588666+00:00,room7,stopped,0.00,0.00
2026-06-11T13:39:33.588666+00:00,room8,stopped,0.00,0.00
2026-06-11T13:39:33.588666+00:00,room9,stopped,0.00,0.00
2026-06-11T13:39:33.588666+00:00,secret-server,stopped,0.00,0.00
2026-06-11T13:39:33.588666+00:00,room10,stopped,0.00,0.00
2026-06-11T13:39:33.588666+00:00,room11,stopped,0.00,0.00
2026-06-11T13:39:33.588666+00:00,final,stopped,0.00,0.00
2026-06-11T13:39:33.588666+00:00,secret-a,stopped,0.00,0.00
2026-06-11T13:39:33.588666+00:00,secret-b,stopped,0.00,0.00
2026-06-11T13:39:42.079271+00:00,room0,running,0.00,1.04
2026-06-11T13:39:42.079271+00:00,room1,stopped,0.00,0.00
2026-06-11T13:39:42.079271+00:00,room2,stopped,0.00,0.00
2026-06-11T13:39:42.079271+00:00,room3,stopped,0.00,0.00
2026-06-11T13:39:42.079271+00:00,room4,stopped,0.00,0.00
2026-06-11T13:39:42.079271+00:00,locked-server,stopped,0.00,0.00
2026-06-11T13:39:42.079271+00:00,room5,stopped,0.00,0.00
2026-06-11T13:39:42.079271+00:00,room6,stopped,0.00,0.00
2026-06-11T13:39:42.079271+00:00,room7,stopped,0.00,0.00
2026-06-11T13:39:42.079271+00:00,room8,stopped,0.00,0.00
2026-06-11T13:39:42.079271+00:00,room9,running,0.00,0.92
2026-06-11T13:39:42.079271+00:00,secret-server,running,0.02,14.27
2026-06-11T13:39:42.079271+00:00,room10,stopped,0.00,0.00
2026-06-11T13:39:42.079271+00:00,room11,stopped,0.00,0.00
2026-06-11T13:39:42.079271+00:00,final,stopped,0.00,0.00
2026-06-11T13:39:42.079271+00:00,secret-a,stopped,0.00,0.00
2026-06-11T13:39:42.079271+00:00,secret-b,stopped,0.00,0.00
2026-06-11T13:39:49.903432+00:00,room0,running,0.00,1.04
2026-06-11T13:39:49.903432+00:00,room1,stopped,0.00,0.00
2026-06-11T13:39:49.903432+00:00,room2,stopped,0.00,0.00
2026-06-11T13:39:49.903432+00:00,room3,stopped,0.00,0.00
2026-06-11T13:39:49.903432+00:00,room4,stopped,0.00,0.00
2026-06-11T13:39:49.903432+00:00,locked-server,stopped,0.00,0.00
2026-06-11T13:39:49.903432+00:00,room5,stopped,0.00,0.00
2026-06-11T13:39:49.903432+00:00,room6,stopped,0.00,0.00
2026-06-11T13:39:49.903432+00:00,room7,stopped,0.00,0.00
2026-06-11T13:39:49.903432+00:00,room8,stopped,0.00,0.00
2026-06-11T13:39:49.903432+00:00,room9,stopped,0.00,0.00
2026-06-11T13:39:49.903432+00:00,secret-server,running,0.02,14.15
2026-06-11T13:39:49.903432+00:00,room10,stopped,0.00,0.00
2026-06-11T13:39:49.903432+00:00,room11,running,0.00,1.32
2026-06-11T13:39:49.903432+00:00,final,stopped,0.00,0.00
2026-06-11T13:39:49.903432+00:00,secret-a,stopped,0.00,0.00
2026-06-11T13:39:49.903432+00:00,secret-b,stopped,0.00,0.00
2026-06-11T13:39:57.892672+00:00,room0,running,0.00,1.04
2026-06-11T13:39:57.892672+00:00,room1,stopped,0.00,0.00
2026-06-11T13:39:57.892672+00:00,room2,stopped,0.00,0.00
2026-06-11T13:39:57.892672+00:00,room3,stopped,0.00,0.00
2026-06-11T13:39:57.892672+00:00,room4,stopped,0.00,0.00
2026-06-11T13:39:57.892672+00:00,locked-server,stopped,0.00,0.00
2026-06-11T13:39:57.892672+00:00,room5,stopped,0.00,0.00
2026-06-11T13:39:57.892672+00:00,room6,stopped,0.00,0.00
2026-06-11T13:39:57.892672+00:00,room7,stopped,0.00,0.00
2026-06-11T13:39:57.892672+00:00,room8,stopped,0.00,0.00
2026-06-11T13:39:57.892672+00:00,room9,stopped,0.00,0.00
2026-06-11T13:39:57.892672+00:00,secret-server,running,0.01,14.15
2026-06-11T13:39:57.892672+00:00,room10,stopped,0.00,0.00
2026-06-11T13:39:57.892672+00:00,room11,stopped,0.00,0.00
2026-06-11T13:39:57.892672+00:00,final,stopped,0.00,0.00
2026-06-11T13:39:57.892672+00:00,secret-a,stopped,0.00,0.00
2026-06-11T13:39:57.892672+00:00,secret-b,stopped,0.00,0.00
2026-06-11T13:40:05.925057+00:00,room0,running,0.00,1.04
2026-06-11T13:40:05.925057+00:00,room1,stopped,0.00,0.00
2026-06-11T13:40:05.925057+00:00,room2,stopped,0.00,0.00
2026-06-11T13:40:05.925057+00:00,room3,stopped,0.00,0.00
2026-06-11T13:40:05.925057+00:00,room4,stopped,0.00,0.00
2026-06-11T13:40:05.925057+00:00,locked-server,stopped,0.00,0.00
2026-06-11T13:40:05.925057+00:00,room5,stopped,0.00,0.00
2026-06-11T13:40:05.925057+00:00,room6,stopped,0.00,0.00
2026-06-11T13:40:05.925057+00:00,room7,stopped,0.00,0.00
2026-06-11T13:40:05.925057+00:00,room8,stopped,0.00,0.00
2026-06-11T13:40:05.925057+00:00,room9,stopped,0.00,0.00
2026-06-11T13:40:05.925057+00:00,secret-server,running,0.01,14.15
2026-06-11T13:40:05.925057+00:00,room10,stopped,0.00,0.00
2026-06-11T13:40:05.925057+00:00,room11,stopped,0.00,0.00
2026-06-11T13:40:05.925057+00:00,final,stopped,0.00,0.00
2026-06-11T13:40:05.925057+00:00,secret-a,stopped,0.00,0.00
2026-06-11T13:40:05.925057+00:00,secret-b,stopped,0.00,0.00
2026-06-11T13:40:13.929522+00:00,room0,running,0.00,1.04
2026-06-11T13:40:13.929522+00:00,room1,stopped,0.00,0.00
2026-06-11T13:40:13.929522+00:00,room2,stopped,0.00,0.00
2026-06-11T13:40:13.929522+00:00,room3,stopped,0.00,0.00
2026-06-11T13:40:13.929522+00:00,room4,stopped,0.00,0.00
2026-06-11T13:40:13.929522+00:00,locked-server,stopped,0.00,0.00
2026-06-11T13:40:13.929522+00:00,room5,stopped,0.00,0.00
2026-06-11T13:40:13.929522+00:00,room6,stopped,0.00,0.00
2026-06-11T13:40:13.929522+00:00,room7,stopped,0.00,0.00
2026-06-11T13:40:13.929522+00:00,room8,stopped,0.00,0.00
2026-06-11T13:40:13.929522+00:00,room9,stopped,0.00,0.00
2026-06-11T13:40:13.929522+00:00,secret-server,running,0.02,14.15
2026-06-11T13:40:13.929522+00:00,room10,stopped,0.00,0.00
2026-06-11T13:40:13.929522+00:00,room11,stopped,0.00,0.00
2026-06-11T13:40:13.929522+00:00,final,stopped,0.00,0.00
2026-06-11T13:40:13.929522+00:00,secret-a,stopped,0.00,0.00
2026-06-11T13:40:13.929522+00:00,secret-b,stopped,0.00,0.00
2026-06-11T13:40:21.921916+00:00,room0,running,0.00,1.04
2026-06-11T13:40:21.921916+00:00,room1,stopped,0.00,0.00
2026-06-11T13:40:21.921916+00:00,room2,stopped,0.00,0.00
2026-06-11T13:40:21.921916+00:00,room3,stopped,0.00,0.00
2026-06-11T13:40:21.921916+00:00,room4,stopped,0.00,0.00
2026-06-11T13:40:21.921916+00:00,locked-server,stopped,0.00,0.00
2026-06-11T13:40:21.921916+00:00,room5,stopped,0.00,0.00
2026-06-11T13:40:21.921916+00:00,room6,stopped,0.00,0.00
2026-06-11T13:40:21.921916+00:00,room7,stopped,0.00,0.00
2026-06-11T13:40:21.921916+00:00,room8,stopped,0.00,0.00
2026-06-11T13:40:21.921916+00:00,room9,stopped,0.00,0.00
2026-06-11T13:40:21.921916+00:00,secret-server,running,0.02,14.15
2026-06-11T13:40:21.921916+00:00,room10,stopped,0.00,0.00
2026-06-11T13:40:21.921916+00:00,room11,stopped,0.00,0.00
2026-06-11T13:40:21.921916+00:00,final,stopped,0.00,0.00
2026-06-11T13:40:21.921916+00:00,secret-a,stopped,0.00,0.00
2026-06-11T13:40:21.921916+00:00,secret-b,stopped,0.00,0.00
2026-06-11T13:40:29.921044+00:00,room0,running,0.00,1.04
2026-06-11T13:40:29.921044+00:00,room1,stopped,0.00,0.00
2026-06-11T13:40:29.921044+00:00,room2,stopped,0.00,0.00
2026-06-11T13:40:29.921044+00:00,room3,stopped,0.00,0.00
2026-06-11T13:40:29.921044+00:00,room4,stopped,0.00,0.00
2026-06-11T13:40:29.921044+00:00,locked-server,stopped,0.00,0.00
2026-06-11T13:40:29.921044+00:00,room5,stopped,0.00,0.00
2026-06-11T13:40:29.921044+00:00,room6,stopped,0.00,0.00
2026-06-11T13:40:29.921044+00:00,room7,stopped,0.00,0.00
2026-06-11T13:40:29.921044+00:00,room8,stopped,0.00,0.00
2026-06-11T13:40:29.921044+00:00,room9,stopped,0.00,0.00
2026-06-11T13:40:29.921044+00:00,secret-server,running,0.02,14.15
2026-06-11T13:40:29.921044+00:00,room10,stopped,0.00,0.00
2026-06-11T13:40:29.921044+00:00,room11,stopped,0.00,0.00
2026-06-11T13:40:29.921044+00:00,final,stopped,0.00,0.00
2026-06-11T13:40:29.921044+00:00,secret-a,stopped,0.00,0.00
2026-06-11T13:40:29.921044+00:00,secret-b,stopped,0.00,0.00
2026-06-11T13:40:37.859088+00:00,room0,running,0.00,1.04
2026-06-11T13:40:37.859088+00:00,room1,stopped,0.00,0.00
2026-06-11T13:40:37.859088+00:00,room2,stopped,0.00,0.00
2026-06-11T13:40:37.859088+00:00,room3,stopped,0.00,0.00
2026-06-11T13:40:37.859088+00:00,room4,stopped,0.00,0.00
2026-06-11T13:40:37.859088+00:00,locked-server,stopped,0.00,0.00
2026-06-11T13:40:37.859088+00:00,room5,stopped,0.00,0.00
2026-06-11T13:40:37.859088+00:00,room6,stopped,0.00,0.00
2026-06-11T13:40:37.859088+00:00,room7,stopped,0.00,0.00
2026-06-11T13:40:37.859088+00:00,room8,stopped,0.00,0.00
2026-06-11T13:40:37.859088+00:00,room9,stopped,0.00,0.00
2026-06-11T13:40:37.859088+00:00,secret-server,running,0.02,14.15
2026-06-11T13:40:37.859088+00:00,room10,stopped,0.00,0.00
2026-06-11T13:40:37.859088+00:00,room11,stopped,0.00,0.00
2026-06-11T13:40:37.859088+00:00,final,stopped,0.00,0.00
2026-06-11T13:40:37.859088+00:00,secret-a,stopped,0.00,0.00
2026-06-11T13:40:37.859088+00:00,secret-b,stopped,0.00,0.00
2026-06-11T13:40:45.967481+00:00,room0,running,0.00,1.04
2026-06-11T13:40:45.967481+00:00,room1,stopped,0.00,0.00
2026-06-11T13:40:45.967481+00:00,room2,stopped,0.00,0.00
2026-06-11T13:40:45.967481+00:00,room3,stopped,0.00,0.00
2026-06-11T13:40:45.967481+00:00,room4,stopped,0.00,0.00
2026-06-11T13:40:45.967481+00:00,locked-server,stopped,0.00,0.00
2026-06-11T13:40:45.967481+00:00,room5,stopped,0.00,0.00
2026-06-11T13:40:45.967481+00:00,room6,stopped,0.00,0.00
2026-06-11T13:40:45.967481+00:00,room7,stopped,0.00,0.00
2026-06-11T13:40:45.967481+00:00,room8,stopped,0.00,0.00
2026-06-11T13:40:45.967481+00:00,room9,stopped,0.00,0.00
2026-06-11T13:40:45.967481+00:00,secret-server,running,0.02,14.15
2026-06-11T13:40:45.967481+00:00,room10,stopped,0.00,0.00
2026-06-11T13:40:45.967481+00:00,room11,stopped,0.00,0.00
2026-06-11T13:40:45.967481+00:00,final,stopped,0.00,0.00
2026-06-11T13:40:45.967481+00:00,secret-a,stopped,0.00,0.00
2026-06-11T13:40:45.967481+00:00,secret-b,stopped,0.00,0.00
2026-06-11T13:40:54.062980+00:00,room0,running,0.00,1.04
2026-06-11T13:40:54.062980+00:00,room1,stopped,0.00,0.00
2026-06-11T13:40:54.062980+00:00,room2,stopped,0.00,0.00
2026-06-11T13:40:54.062980+00:00,room3,stopped,0.00,0.00
2026-06-11T13:40:54.062980+00:00,room4,stopped,0.00,0.00
2026-06-11T13:40:54.062980+00:00,locked-server,stopped,0.00,0.00
2026-06-11T13:40:54.062980+00:00,room5,stopped,0.00,0.00
2026-06-11T13:40:54.062980+00:00,room6,stopped,0.00,0.00
2026-06-11T13:40:54.062980+00:00,room7,stopped,0.00,0.00
2026-06-11T13:40:54.062980+00:00,room8,stopped,0.00,0.00
2026-06-11T13:40:54.062980+00:00,room9,stopped,0.00,0.00
2026-06-11T13:40:54.062980+00:00,secret-server,running,0.01,14.15
2026-06-11T13:40:54.062980+00:00,room10,stopped,0.00,0.00
2026-06-11T13:40:54.062980+00:00,room11,stopped,0.00,0.00
2026-06-11T13:40:54.062980+00:00,final,stopped,0.00,0.00
2026-06-11T13:40:54.062980+00:00,secret-a,stopped,0.00,0.00
2026-06-11T13:40:54.062980+00:00,secret-b,stopped,0.00,0.00
2026-06-11T13:41:02.091346+00:00,room0,running,0.00,1.04
2026-06-11T13:41:02.091346+00:00,room1,stopped,0.00,0.00
2026-06-11T13:41:02.091346+00:00,room2,stopped,0.00,0.00
2026-06-11T13:41:02.091346+00:00,room3,stopped,0.00,0.00
2026-06-11T13:41:02.091346+00:00,room4,stopped,0.00,0.00
2026-06-11T13:41:02.091346+00:00,locked-server,stopped,0.00,0.00
2026-06-11T13:41:02.091346+00:00,room5,stopped,0.00,0.00
2026-06-11T13:41:02.091346+00:00,room6,stopped,0.00,0.00
2026-06-11T13:41:02.091346+00:00,room7,stopped,0.00,0.00
2026-06-11T13:41:02.091346+00:00,room8,stopped,0.00,0.00
2026-06-11T13:41:02.091346+00:00,room9,stopped,0.00,0.00
2026-06-11T13:41:02.091346+00:00,secret-server,running,0.02,14.15
2026-06-11T13:41:02.091346+00:00,room10,stopped,0.00,0.00
2026-06-11T13:41:02.091346+00:00,room11,stopped,0.00,0.00
2026-06-11T13:41:02.091346+00:00,final,stopped,0.00,0.00
2026-06-11T13:41:02.091346+00:00,secret-a,stopped,0.00,0.00
2026-06-11T13:41:02.091346+00:00,secret-b,stopped,0.00,0.00
2026-06-11T13:41:09.923027+00:00,room0,running,0.00,1.04
2026-06-11T13:41:09.923027+00:00,room1,stopped,0.00,0.00
2026-06-11T13:41:09.923027+00:00,room2,stopped,0.00,0.00
2026-06-11T13:41:09.923027+00:00,room3,stopped,0.00,0.00
2026-06-11T13:41:09.923027+00:00,room4,stopped,0.00,0.00
2026-06-11T13:41:09.923027+00:00,locked-server,stopped,0.00,0.00
2026-06-11T13:41:09.923027+00:00,room5,stopped,0.00,0.00
2026-06-11T13:41:09.923027+00:00,room6,stopped,0.00,0.00
2026-06-11T13:41:09.923027+00:00,room7,stopped,0.00,0.00
2026-06-11T13:41:09.923027+00:00,room8,stopped,0.00,0.00
2026-06-11T13:41:09.923027+00:00,room9,stopped,0.00,0.00
2026-06-11T13:41:09.923027+00:00,secret-server,running,0.02,14.15
2026-06-11T13:41:09.923027+00:00,room10,stopped,0.00,0.00
2026-06-11T13:41:09.923027+00:00,room11,stopped,0.00,0.00
2026-06-11T13:41:09.923027+00:00,final,stopped,0.00,0.00
2026-06-11T13:41:09.923027+00:00,secret-a,stopped,0.00,0.00
2026-06-11T13:41:09.923027+00:00,secret-b,stopped,0.00,0.00
2026-06-11T13:41:17.893046+00:00,room0,running,0.00,1.04
2026-06-11T13:41:17.893046+00:00,room1,stopped,0.00,0.00
2026-06-11T13:41:17.893046+00:00,room2,stopped,0.00,0.00
2026-06-11T13:41:17.893046+00:00,room3,stopped,0.00,0.00
2026-06-11T13:41:17.893046+00:00,room4,stopped,0.00,0.00
2026-06-11T13:41:17.893046+00:00,locked-server,stopped,0.00,0.00
2026-06-11T13:41:17.893046+00:00,room5,stopped,0.00,0.00
2026-06-11T13:41:17.893046+00:00,room6,stopped,0.00,0.00
2026-06-11T13:41:17.893046+00:00,room7,stopped,0.00,0.00
2026-06-11T13:41:17.893046+00:00,room8,stopped,0.00,0.00
2026-06-11T13:41:17.893046+00:00,room9,stopped,0.00,0.00
2026-06-11T13:41:17.893046+00:00,secret-server,running,0.01,14.15
2026-06-11T13:41:17.893046+00:00,room10,stopped,0.00,0.00
2026-06-11T13:41:17.893046+00:00,room11,stopped,0.00,0.00
2026-06-11T13:41:17.893046+00:00,final,stopped,0.00,0.00
2026-06-11T13:41:17.893046+00:00,secret-a,stopped,0.00,0.00
2026-06-11T13:41:17.893046+00:00,secret-b,stopped,0.00,0.00
2026-06-11T13:41:25.892074+00:00,room0,running,0.00,1.04
2026-06-11T13:41:25.892074+00:00,room1,stopped,0.00,0.00
2026-06-11T13:41:25.892074+00:00,room2,stopped,0.00,0.00
2026-06-11T13:41:25.892074+00:00,room3,stopped,0.00,0.00
2026-06-11T13:41:25.892074+00:00,room4,stopped,0.00,0.00
2026-06-11T13:41:25.892074+00:00,locked-server,stopped,0.00,0.00
2026-06-11T13:41:25.892074+00:00,room5,stopped,0.00,0.00
2026-06-11T13:41:25.892074+00:00,room6,stopped,0.00,0.00
2026-06-11T13:41:25.892074+00:00,room7,stopped,0.00,0.00
2026-06-11T13:41:25.892074+00:00,room8,stopped,0.00,0.00
2026-06-11T13:41:25.892074+00:00,room9,stopped,0.00,0.00
2026-06-11T13:41:25.892074+00:00,secret-server,running,0.03,14.15
2026-06-11T13:41:25.892074+00:00,room10,stopped,0.00,0.00
2026-06-11T13:41:25.892074+00:00,room11,stopped,0.00,0.00
2026-06-11T13:41:25.892074+00:00,final,stopped,0.00,0.00
2026-06-11T13:41:25.892074+00:00,secret-a,stopped,0.00,0.00
2026-06-11T13:41:25.892074+00:00,secret-b,stopped,0.00,0.00
2026-06-11T13:41:33.856024+00:00,room0,running,0.00,1.04
2026-06-11T13:41:33.856024+00:00,room1,stopped,0.00,0.00
2026-06-11T13:41:33.856024+00:00,room2,stopped,0.00,0.00
2026-06-11T13:41:33.856024+00:00,room3,stopped,0.00,0.00
2026-06-11T13:41:33.856024+00:00,room4,stopped,0.00,0.00
2026-06-11T13:41:33.856024+00:00,locked-server,stopped,0.00,0.00
2026-06-11T13:41:33.856024+00:00,room5,stopped,0.00,0.00
2026-06-11T13:41:33.856024+00:00,room6,stopped,0.00,0.00
2026-06-11T13:41:33.856024+00:00,room7,stopped,0.00,0.00
2026-06-11T13:41:33.856024+00:00,room8,stopped,0.00,0.00
2026-06-11T13:41:33.856024+00:00,room9,stopped,0.00,0.00
2026-06-11T13:41:33.856024+00:00,secret-server,running,0.02,14.15
2026-06-11T13:41:33.856024+00:00,room10,stopped,0.00,0.00
2026-06-11T13:41:33.856024+00:00,room11,stopped,0.00,0.00
2026-06-11T13:41:33.856024+00:00,final,stopped,0.00,0.00
2026-06-11T13:41:33.856024+00:00,secret-a,stopped,0.00,0.00
2026-06-11T13:41:33.856024+00:00,secret-b,stopped,0.00,0.00
2026-06-11T13:41:41.879597+00:00,room0,running,0.00,1.04
2026-06-11T13:41:41.879597+00:00,room1,stopped,0.00,0.00
2026-06-11T13:41:41.879597+00:00,room2,stopped,0.00,0.00
2026-06-11T13:41:41.879597+00:00,room3,stopped,0.00,0.00
2026-06-11T13:41:41.879597+00:00,room4,stopped,0.00,0.00
2026-06-11T13:41:41.879597+00:00,locked-server,stopped,0.00,0.00
2026-06-11T13:41:41.879597+00:00,room5,stopped,0.00,0.00
2026-06-11T13:41:41.879597+00:00,room6,stopped,0.00,0.00
2026-06-11T13:41:41.879597+00:00,room7,stopped,0.00,0.00
2026-06-11T13:41:41.879597+00:00,room8,stopped,0.00,0.00
2026-06-11T13:41:41.879597+00:00,room9,stopped,0.00,0.00
2026-06-11T13:41:41.879597+00:00,secret-server,running,0.03,14.15
2026-06-11T13:41:41.879597+00:00,room10,stopped,0.00,0.00
2026-06-11T13:41:41.879597+00:00,room11,stopped,0.00,0.00
2026-06-11T13:41:41.879597+00:00,final,stopped,0.00,0.00
2026-06-11T13:41:41.879597+00:00,secret-a,stopped,0.00,0.00
2026-06-11T13:41:41.879597+00:00,secret-b,stopped,0.00,0.00
2026-06-11T13:41:48.890072+00:00,room0,running,0.00,1.04
2026-06-11T13:41:48.890072+00:00,room1,stopped,0.00,0.00
2026-06-11T13:41:48.890072+00:00,room2,stopped,0.00,0.00
2026-06-11T13:41:48.890072+00:00,room3,stopped,0.00,0.00
2026-06-11T13:41:48.890072+00:00,room4,stopped,0.00,0.00
2026-06-11T13:41:48.890072+00:00,locked-server,stopped,0.00,0.00
2026-06-11T13:41:48.890072+00:00,room5,stopped,0.00,0.00
2026-06-11T13:41:48.890072+00:00,room6,stopped,0.00,0.00
2026-06-11T13:41:48.890072+00:00,room7,stopped,0.00,0.00
2026-06-11T13:41:48.890072+00:00,room8,stopped,0.00,0.00
2026-06-11T13:41:48.890072+00:00,room9,stopped,0.00,0.00
2026-06-11T13:41:48.890072+00:00,secret-server,running,0.02,14.15
2026-06-11T13:41:48.890072+00:00,room10,stopped,0.00,0.00
2026-06-11T13:41:48.890072+00:00,room11,stopped,0.00,0.00
2026-06-11T13:41:48.890072+00:00,final,stopped,0.00,0.00
2026-06-11T13:41:48.890072+00:00,secret-a,stopped,0.00,0.00
2026-06-11T13:41:48.890072+00:00,secret-b,stopped,0.00,0.00
2026-06-11T13:41:56.863331+00:00,room0,running,0.00,1.04
2026-06-11T13:41:56.863331+00:00,room1,stopped,0.00,0.00
2026-06-11T13:41:56.863331+00:00,room2,stopped,0.00,0.00
2026-06-11T13:41:56.863331+00:00,room3,stopped,0.00,0.00
2026-06-11T13:41:56.863331+00:00,room4,stopped,0.00,0.00
2026-06-11T13:41:56.863331+00:00,locked-server,stopped,0.00,0.00
2026-06-11T13:41:56.863331+00:00,room5,stopped,0.00,0.00
2026-06-11T13:41:56.863331+00:00,room6,stopped,0.00,0.00
2026-06-11T13:41:56.863331+00:00,room7,stopped,0.00,0.00
2026-06-11T13:41:56.863331+00:00,room8,stopped,0.00,0.00
2026-06-11T13:41:56.863331+00:00,room9,stopped,0.00,0.00
2026-06-11T13:41:56.863331+00:00,secret-server,running,0.02,14.15
2026-06-11T13:41:56.863331+00:00,room10,stopped,0.00,0.00
2026-06-11T13:41:56.863331+00:00,room11,stopped,0.00,0.00
2026-06-11T13:41:56.863331+00:00,final,stopped,0.00,0.00
2026-06-11T13:41:56.863331+00:00,secret-a,stopped,0.00,0.00
2026-06-11T13:41:56.863331+00:00,secret-b,stopped,0.00,0.00
2026-06-11T13:56:37.960595+00:00,room0,running,0.00,1.04
2026-06-11T13:56:37.960595+00:00,room1,running,0.00,0.98
2026-06-11T13:56:37.960595+00:00,room2,running,0.00,1.23
2026-06-11T13:56:37.960595+00:00,room3,running,0.00,5.91
2026-06-11T13:56:37.960595+00:00,room4,running,0.00,0.95
2026-06-11T13:56:37.960595+00:00,locked-server,running,0.02,11.45
2026-06-11T13:56:37.960595+00:00,room5,running,0.00,1.72
2026-06-11T13:56:37.960595+00:00,room6,running,0.00,0.91
2026-06-11T13:56:37.960595+00:00,room7,running,0.00,0.91
2026-06-11T13:56:37.960595+00:00,room8,running,0.00,0.91
2026-06-11T13:56:37.960595+00:00,room9,running,0.00,0.91
2026-06-11T13:56:37.960595+00:00,secret-server,running,0.14,15.63
2026-06-11T13:56:37.960595+00:00,room10,running,0.00,1.63
2026-06-11T13:56:37.960595+00:00,room11,running,0.00,1.36
2026-06-11T13:56:37.960595+00:00,final,running,0.00,0.94
2026-06-11T13:56:37.960595+00:00,secret-a,running,0.00,0.93
2026-06-11T13:56:37.960595+00:00,secret-b,running,0.00,0.89
2026-06-11T13:56:46.711363+00:00,room0,running,0.00,1.04
2026-06-11T13:56:46.711363+00:00,room1,running,0.00,0.98
2026-06-11T13:56:46.711363+00:00,room2,running,0.00,1.23
2026-06-11T13:56:46.711363+00:00,room3,running,0.00,5.89
2026-06-11T13:56:46.711363+00:00,room4,running,0.00,0.95
2026-06-11T13:56:46.711363+00:00,locked-server,running,0.02,11.45
2026-06-11T13:56:46.711363+00:00,room5,running,0.00,1.72
2026-06-11T13:56:46.711363+00:00,room6,running,0.00,0.91
2026-06-11T13:56:46.711363+00:00,room7,running,0.00,0.91
2026-06-11T13:56:46.711363+00:00,room8,running,0.00,0.91
2026-06-11T13:56:46.711363+00:00,room9,running,0.00,0.91
2026-06-11T13:56:46.711363+00:00,secret-server,running,0.01,15.63
2026-06-11T13:56:46.711363+00:00,room10,running,0.00,1.63
2026-06-11T13:56:46.711363+00:00,room11,running,0.00,1.36
2026-06-11T13:56:46.711363+00:00,final,running,0.00,0.94
2026-06-11T13:56:46.711363+00:00,secret-a,running,0.00,0.93
2026-06-11T13:56:46.711363+00:00,secret-b,running,0.00,0.89
2026-06-11T13:56:55.600525+00:00,room0,running,0.00,1.04
2026-06-11T13:56:55.600525+00:00,room1,running,0.00,0.98
2026-06-11T13:56:55.600525+00:00,room2,running,0.00,1.23
2026-06-11T13:56:55.600525+00:00,room3,running,0.00,5.89
2026-06-11T13:56:55.600525+00:00,room4,running,0.00,0.95
2026-06-11T13:56:55.600525+00:00,locked-server,running,0.03,11.45
2026-06-11T13:56:55.600525+00:00,room5,running,0.00,1.72
2026-06-11T13:56:55.600525+00:00,room6,running,0.00,0.91
2026-06-11T13:56:55.600525+00:00,room7,running,0.00,0.91
2026-06-11T13:56:55.600525+00:00,room8,running,0.00,0.91
2026-06-11T13:56:55.600525+00:00,room9,running,0.00,0.91
2026-06-11T13:56:55.600525+00:00,secret-server,running,0.02,15.63
2026-06-11T13:56:55.600525+00:00,room10,running,0.00,1.63
2026-06-11T13:56:55.600525+00:00,room11,running,0.00,1.36
2026-06-11T13:56:55.600525+00:00,final,running,0.00,0.94
2026-06-11T13:56:55.600525+00:00,secret-a,running,0.00,0.93
2026-06-11T13:56:55.600525+00:00,secret-b,running,0.00,0.89
2026-06-11T13:57:04.260662+00:00,room0,running,0.00,1.04
2026-06-11T13:57:04.260662+00:00,room1,running,0.00,0.98
2026-06-11T13:57:04.260662+00:00,room2,running,0.00,1.23
2026-06-11T13:57:04.260662+00:00,room3,running,0.00,6.01
2026-06-11T13:57:04.260662+00:00,room4,running,0.00,0.95
2026-06-11T13:57:04.260662+00:00,locked-server,running,0.02,11.45
2026-06-11T13:57:04.260662+00:00,room5,running,0.00,1.72
2026-06-11T13:57:04.260662+00:00,room6,running,0.00,0.91
2026-06-11T13:57:04.260662+00:00,room7,running,0.00,0.91
2026-06-11T13:57:04.260662+00:00,room8,running,0.00,0.91
2026-06-11T13:57:04.260662+00:00,room9,running,0.00,0.91
2026-06-11T13:57:04.260662+00:00,secret-server,running,0.01,15.63
2026-06-11T13:57:04.260662+00:00,room10,running,0.00,1.63
2026-06-11T13:57:04.260662+00:00,room11,running,0.00,1.36
2026-06-11T13:57:04.260662+00:00,final,running,0.00,0.94
2026-06-11T13:57:04.260662+00:00,secret-a,running,0.00,0.93
2026-06-11T13:57:04.260662+00:00,secret-b,running,0.00,0.89
2026-06-11T13:57:13.004461+00:00,room0,running,0.00,1.04
2026-06-11T13:57:13.004461+00:00,room1,running,0.00,0.98
2026-06-11T13:57:13.004461+00:00,room2,running,0.00,1.23
2026-06-11T13:57:13.004461+00:00,room3,running,0.00,6.00
2026-06-11T13:57:13.004461+00:00,room4,running,0.00,0.95
2026-06-11T13:57:13.004461+00:00,locked-server,running,0.02,11.45
2026-06-11T13:57:13.004461+00:00,room5,running,0.00,1.72
2026-06-11T13:57:13.004461+00:00,room6,running,0.00,0.91
2026-06-11T13:57:13.004461+00:00,room7,running,0.00,0.91
2026-06-11T13:57:13.004461+00:00,room8,running,0.00,0.91
2026-06-11T13:57:13.004461+00:00,room9,running,0.00,0.91
2026-06-11T13:57:13.004461+00:00,secret-server,running,0.01,15.63
2026-06-11T13:57:13.004461+00:00,room10,running,0.00,1.63
2026-06-11T13:57:13.004461+00:00,room11,running,0.00,1.36
2026-06-11T13:57:13.004461+00:00,final,running,0.00,0.94
2026-06-11T13:57:13.004461+00:00,secret-a,running,0.00,0.93
2026-06-11T13:57:13.004461+00:00,secret-b,running,0.00,0.89
2026-06-11T13:57:20.999843+00:00,room0,running,0.00,1.04
2026-06-11T13:57:20.999843+00:00,room1,running,0.00,0.98
2026-06-11T13:57:20.999843+00:00,room2,running,0.00,1.23
2026-06-11T13:57:20.999843+00:00,room3,running,0.00,6.00
2026-06-11T13:57:20.999843+00:00,room4,running,0.00,0.95
2026-06-11T13:57:20.999843+00:00,locked-server,running,0.02,11.45
2026-06-11T13:57:20.999843+00:00,room5,running,0.00,1.72
2026-06-11T13:57:20.999843+00:00,room6,running,0.00,0.91
2026-06-11T13:57:20.999843+00:00,room7,running,0.00,0.91
2026-06-11T13:57:20.999843+00:00,room8,running,0.00,0.91
2026-06-11T13:57:20.999843+00:00,room9,running,0.00,0.91
2026-06-11T13:57:20.999843+00:00,secret-server,running,0.01,15.63
2026-06-11T13:57:20.999843+00:00,room10,running,0.00,1.63
2026-06-11T13:57:20.999843+00:00,room11,running,0.00,1.36
2026-06-11T13:57:20.999843+00:00,final,running,0.00,0.94
2026-06-11T13:57:20.999843+00:00,secret-a,running,0.00,0.93
2026-06-11T13:57:20.999843+00:00,secret-b,running,0.00,0.89
2026-06-11T13:57:29.893307+00:00,room0,running,0.00,0.00
2026-06-11T13:57:29.893307+00:00,room1,running,0.00,0.98
2026-06-11T13:57:29.893307+00:00,room2,running,0.00,1.23
2026-06-11T13:57:29.893307+00:00,room3,running,0.00,6.00
2026-06-11T13:57:29.893307+00:00,room4,running,0.00,0.95
2026-06-11T13:57:29.893307+00:00,locked-server,running,0.02,11.45
2026-06-11T13:57:29.893307+00:00,room5,running,0.00,1.72
2026-06-11T13:57:29.893307+00:00,room6,running,0.00,0.91
2026-06-11T13:57:29.893307+00:00,room7,running,0.00,0.91
2026-06-11T13:57:29.893307+00:00,room8,running,0.00,0.91
2026-06-11T13:57:29.893307+00:00,room9,running,0.00,0.91
2026-06-11T13:57:29.893307+00:00,secret-server,running,0.02,15.63
2026-06-11T13:57:29.893307+00:00,room10,running,0.00,1.63
2026-06-11T13:57:29.893307+00:00,room11,running,0.00,1.36
2026-06-11T13:57:29.893307+00:00,final,running,0.00,0.94
2026-06-11T13:57:29.893307+00:00,secret-a,running,0.00,0.93
2026-06-11T13:57:29.893307+00:00,secret-b,running,0.00,0.89
2026-06-11T13:57:38.729706+00:00,room0,stopped,0.00,0.00
2026-06-11T13:57:38.729706+00:00,room1,stopped,0.00,0.00
2026-06-11T13:57:38.729706+00:00,room2,running,0.00,1.23
2026-06-11T13:57:38.729706+00:00,room3,running,0.03,6.00
2026-06-11T13:57:38.729706+00:00,room4,running,0.00,0.95
2026-06-11T13:57:38.729706+00:00,locked-server,running,0.02,11.45
2026-06-11T13:57:38.729706+00:00,room5,running,0.00,1.72
2026-06-11T13:57:38.729706+00:00,room6,running,0.00,0.91
2026-06-11T13:57:38.729706+00:00,room7,running,0.00,0.91
2026-06-11T13:57:38.729706+00:00,room8,running,0.00,0.91
2026-06-11T13:57:38.729706+00:00,room9,running,0.00,0.91
2026-06-11T13:57:38.729706+00:00,secret-server,running,0.01,15.63
2026-06-11T13:57:38.729706+00:00,room10,running,0.00,1.63
2026-06-11T13:57:38.729706+00:00,room11,running,0.00,1.36
2026-06-11T13:57:38.729706+00:00,final,running,0.00,0.94
2026-06-11T13:57:38.729706+00:00,secret-a,running,0.00,0.93
2026-06-11T13:57:38.729706+00:00,secret-b,running,0.00,0.89
2026-06-11T13:57:47.423866+00:00,room0,stopped,0.00,0.00
2026-06-11T13:57:47.423866+00:00,room1,stopped,0.00,0.00
2026-06-11T13:57:47.423866+00:00,room2,running,0.00,1.23
2026-06-11T13:57:47.423866+00:00,room3,running,0.00,6.00
2026-06-11T13:57:47.423866+00:00,room4,running,0.00,0.95
2026-06-11T13:57:47.423866+00:00,locked-server,running,0.02,11.45
2026-06-11T13:57:47.423866+00:00,room5,running,0.00,1.72
2026-06-11T13:57:47.423866+00:00,room6,running,0.00,0.91
2026-06-11T13:57:47.423866+00:00,room7,running,0.00,0.91
2026-06-11T13:57:47.423866+00:00,room8,running,0.00,0.91
2026-06-11T13:57:47.423866+00:00,room9,running,0.00,0.91
2026-06-11T13:57:47.423866+00:00,secret-server,running,0.02,15.63
2026-06-11T13:57:47.423866+00:00,room10,running,0.00,1.63
2026-06-11T13:57:47.423866+00:00,room11,running,0.00,1.36
2026-06-11T13:57:47.423866+00:00,final,running,0.00,0.94
2026-06-11T13:57:47.423866+00:00,secret-a,running,0.00,0.93
2026-06-11T13:57:47.423866+00:00,secret-b,running,0.00,0.89
2026-06-11T13:57:56.194750+00:00,room0,stopped,0.00,0.00
2026-06-11T13:57:56.194750+00:00,room1,stopped,0.00,0.00
2026-06-11T13:57:56.194750+00:00,room2,stopped,0.00,0.00
2026-06-11T13:57:56.194750+00:00,room3,running,0.00,6.00
2026-06-11T13:57:56.194750+00:00,room4,running,0.00,0.95
2026-06-11T13:57:56.194750+00:00,locked-server,running,0.03,11.45
2026-06-11T13:57:56.194750+00:00,room5,running,0.00,1.72
2026-06-11T13:57:56.194750+00:00,room6,running,0.00,0.91
2026-06-11T13:57:56.194750+00:00,room7,running,0.00,0.91
2026-06-11T13:57:56.194750+00:00,room8,running,0.00,0.91
2026-06-11T13:57:56.194750+00:00,room9,running,0.00,0.91
2026-06-11T13:57:56.194750+00:00,secret-server,running,0.02,15.63
2026-06-11T13:57:56.194750+00:00,room10,running,0.00,1.63
2026-06-11T13:57:56.194750+00:00,room11,running,0.00,1.36
2026-06-11T13:57:56.194750+00:00,final,running,0.00,0.94
2026-06-11T13:57:56.194750+00:00,secret-a,running,0.00,0.93
2026-06-11T13:57:56.194750+00:00,secret-b,running,0.00,0.89
2026-06-11T13:58:04.748408+00:00,room0,stopped,0.00,0.00
2026-06-11T13:58:04.748408+00:00,room1,stopped,0.00,0.00
2026-06-11T13:58:04.748408+00:00,room2,stopped,0.00,0.00
2026-06-11T13:58:04.748408+00:00,room3,stopped,0.00,0.00
2026-06-11T13:58:04.748408+00:00,room4,running,0.00,0.95
2026-06-11T13:58:04.748408+00:00,locked-server,running,0.03,11.45
2026-06-11T13:58:04.748408+00:00,room5,running,0.00,1.72
2026-06-11T13:58:04.748408+00:00,room6,running,0.00,0.91
2026-06-11T13:58:04.748408+00:00,room7,running,0.00,0.91
2026-06-11T13:58:04.748408+00:00,room8,running,0.00,0.91
2026-06-11T13:58:04.748408+00:00,room9,running,0.00,0.91
2026-06-11T13:58:04.748408+00:00,secret-server,running,0.02,15.63
2026-06-11T13:58:04.748408+00:00,room10,running,0.00,1.63
2026-06-11T13:58:04.748408+00:00,room11,running,0.00,1.36
2026-06-11T13:58:04.748408+00:00,final,running,0.00,0.94
2026-06-11T13:58:04.748408+00:00,secret-a,running,0.00,0.93
2026-06-11T13:58:04.748408+00:00,secret-b,running,0.00,0.89
2026-06-11T13:58:13.258296+00:00,room0,stopped,0.00,0.00
2026-06-11T13:58:13.258296+00:00,room1,stopped,0.00,0.00
2026-06-11T13:58:13.258296+00:00,room2,stopped,0.00,0.00
2026-06-11T13:58:13.258296+00:00,room3,stopped,0.00,0.00
2026-06-11T13:58:13.258296+00:00,room4,stopped,0.00,0.00
2026-06-11T13:58:13.258296+00:00,locked-server,running,0.02,11.45
2026-06-11T13:58:13.258296+00:00,room5,running,0.00,1.72
2026-06-11T13:58:13.258296+00:00,room6,running,0.00,0.91
2026-06-11T13:58:13.258296+00:00,room7,running,0.00,0.91
2026-06-11T13:58:13.258296+00:00,room8,running,0.00,0.91
2026-06-11T13:58:13.258296+00:00,room9,running,0.00,0.91
2026-06-11T13:58:13.258296+00:00,secret-server,running,0.02,15.63
2026-06-11T13:58:13.258296+00:00,room10,running,0.00,1.63
2026-06-11T13:58:13.258296+00:00,room11,running,0.00,1.36
2026-06-11T13:58:13.258296+00:00,final,running,0.00,0.94
2026-06-11T13:58:13.258296+00:00,secret-a,running,0.00,0.93
2026-06-11T13:58:13.258296+00:00,secret-b,running,0.00,0.89
2026-06-11T13:58:20.947945+00:00,room0,stopped,0.00,0.00
2026-06-11T13:58:20.947945+00:00,room1,stopped,0.00,0.00
2026-06-11T13:58:20.947945+00:00,room2,stopped,0.00,0.00
2026-06-11T13:58:20.947945+00:00,room3,stopped,0.00,0.00
2026-06-11T13:58:20.947945+00:00,room4,stopped,0.00,0.00
2026-06-11T13:58:20.947945+00:00,locked-server,stopped,0.00,0.00
2026-06-11T13:58:20.947945+00:00,room5,running,0.00,1.72
2026-06-11T13:58:20.947945+00:00,room6,running,0.00,0.91
2026-06-11T13:58:20.947945+00:00,room7,running,0.00,0.91
2026-06-11T13:58:20.947945+00:00,room8,running,0.00,0.91
2026-06-11T13:58:20.947945+00:00,room9,running,0.00,0.91
2026-06-11T13:58:20.947945+00:00,secret-server,running,0.01,15.63
2026-06-11T13:58:20.947945+00:00,room10,running,0.00,1.63
2026-06-11T13:58:20.947945+00:00,room11,running,0.00,1.36
2026-06-11T13:58:20.947945+00:00,final,running,0.00,0.94
2026-06-11T13:58:20.947945+00:00,secret-a,running,0.00,0.93
2026-06-11T13:58:20.947945+00:00,secret-b,running,0.00,0.89
2026-06-11T13:58:29.057284+00:00,room0,stopped,0.00,0.00
2026-06-11T13:58:29.057284+00:00,room1,stopped,0.00,0.00
2026-06-11T13:58:29.057284+00:00,room2,stopped,0.00,0.00
2026-06-11T13:58:29.057284+00:00,room3,stopped,0.00,0.00
2026-06-11T13:58:29.057284+00:00,room4,stopped,0.00,0.00
2026-06-11T13:58:29.057284+00:00,locked-server,stopped,0.00,0.00
2026-06-11T13:58:29.057284+00:00,room5,running,0.00,1.72
2026-06-11T13:58:29.057284+00:00,room6,running,0.00,0.91
2026-06-11T13:58:29.057284+00:00,room7,running,0.00,0.91
2026-06-11T13:58:29.057284+00:00,room8,running,0.00,0.91
2026-06-11T13:58:29.057284+00:00,room9,running,0.00,0.91
2026-06-11T13:58:29.057284+00:00,secret-server,running,0.01,15.63
2026-06-11T13:58:29.057284+00:00,room10,running,0.00,1.63
2026-06-11T13:58:29.057284+00:00,room11,running,0.00,1.36
2026-06-11T13:58:29.057284+00:00,final,running,0.00,0.94
2026-06-11T13:58:29.057284+00:00,secret-a,running,0.00,0.93
2026-06-11T13:58:29.057284+00:00,secret-b,running,0.00,0.89
2026-06-11T13:58:37.468718+00:00,room0,stopped,0.00,0.00
2026-06-11T13:58:37.468718+00:00,room1,stopped,0.00,0.00
2026-06-11T13:58:37.468718+00:00,room2,stopped,0.00,0.00
2026-06-11T13:58:37.468718+00:00,room3,stopped,0.00,0.00
2026-06-11T13:58:37.468718+00:00,room4,stopped,0.00,0.00
2026-06-11T13:58:37.468718+00:00,locked-server,stopped,0.00,0.00
2026-06-11T13:58:37.468718+00:00,room5,stopped,0.00,0.00
2026-06-11T13:58:37.468718+00:00,room6,running,0.00,0.91
2026-06-11T13:58:37.468718+00:00,room7,running,0.00,0.91
2026-06-11T13:58:37.468718+00:00,room8,running,0.00,0.91
2026-06-11T13:58:37.468718+00:00,room9,running,0.00,0.91
2026-06-11T13:58:37.468718+00:00,secret-server,running,0.01,15.63
2026-06-11T13:58:37.468718+00:00,room10,running,0.00,1.63
2026-06-11T13:58:37.468718+00:00,room11,running,0.00,1.36
2026-06-11T13:58:37.468718+00:00,final,running,0.00,0.94
2026-06-11T13:58:37.468718+00:00,secret-a,running,0.00,0.93
2026-06-11T13:58:37.468718+00:00,secret-b,running,0.00,0.89
2026-06-11T13:58:45.815647+00:00,room0,stopped,0.00,0.00
2026-06-11T13:58:45.815647+00:00,room1,stopped,0.00,0.00
2026-06-11T13:58:45.815647+00:00,room2,stopped,0.00,0.00
2026-06-11T13:58:45.815647+00:00,room3,stopped,0.00,0.00
2026-06-11T13:58:45.815647+00:00,room4,stopped,0.00,0.00
2026-06-11T13:58:45.815647+00:00,locked-server,stopped,0.00,0.00
2026-06-11T13:58:45.815647+00:00,room5,stopped,0.00,0.00
2026-06-11T13:58:45.815647+00:00,room6,stopped,0.00,0.00
2026-06-11T13:58:45.815647+00:00,room7,running,0.00,0.91
2026-06-11T13:58:45.815647+00:00,room8,running,0.00,0.91
2026-06-11T13:58:45.815647+00:00,room9,running,0.00,0.91
2026-06-11T13:58:45.815647+00:00,secret-server,running,0.02,15.63
2026-06-11T13:58:45.815647+00:00,room10,running,0.00,1.63
2026-06-11T13:58:45.815647+00:00,room11,running,0.00,1.36
2026-06-11T13:58:45.815647+00:00,final,running,0.00,0.94
2026-06-11T13:58:45.815647+00:00,secret-a,running,0.00,0.93
2026-06-11T13:58:45.815647+00:00,secret-b,running,0.00,0.89
2026-06-11T13:58:54.226601+00:00,room0,stopped,0.00,0.00
2026-06-11T13:58:54.226601+00:00,room1,stopped,0.00,0.00
2026-06-11T13:58:54.226601+00:00,room2,stopped,0.00,0.00
2026-06-11T13:58:54.226601+00:00,room3,stopped,0.00,0.00
2026-06-11T13:58:54.226601+00:00,room4,stopped,0.00,0.00
2026-06-11T13:58:54.226601+00:00,locked-server,stopped,0.00,0.00
2026-06-11T13:58:54.226601+00:00,room5,stopped,0.00,0.00
2026-06-11T13:58:54.226601+00:00,room6,stopped,0.00,0.00
2026-06-11T13:58:54.226601+00:00,room7,stopped,0.00,0.00
2026-06-11T13:58:54.226601+00:00,room8,running,0.00,0.91
2026-06-11T13:58:54.226601+00:00,room9,running,0.00,0.91
2026-06-11T13:58:54.226601+00:00,secret-server,running,0.02,15.63
2026-06-11T13:58:54.226601+00:00,room10,running,0.00,1.63
2026-06-11T13:58:54.226601+00:00,room11,running,0.00,1.36
2026-06-11T13:58:54.226601+00:00,final,running,0.00,0.94
2026-06-11T13:58:54.226601+00:00,secret-a,running,0.00,0.93
2026-06-11T13:58:54.226601+00:00,secret-b,running,0.00,0.89
2026-06-11T13:59:02.635284+00:00,room0,stopped,0.00,0.00
2026-06-11T13:59:02.635284+00:00,room1,stopped,0.00,0.00
2026-06-11T13:59:02.635284+00:00,room2,stopped,0.00,0.00
2026-06-11T13:59:02.635284+00:00,room3,stopped,0.00,0.00
2026-06-11T13:59:02.635284+00:00,room4,stopped,0.00,0.00
2026-06-11T13:59:02.635284+00:00,locked-server,stopped,0.00,0.00
2026-06-11T13:59:02.635284+00:00,room5,stopped,0.00,0.00
2026-06-11T13:59:02.635284+00:00,room6,stopped,0.00,0.00
2026-06-11T13:59:02.635284+00:00,room7,stopped,0.00,0.00
2026-06-11T13:59:02.635284+00:00,room8,running,0.00,0.91
2026-06-11T13:59:02.635284+00:00,room9,running,0.00,0.91
2026-06-11T13:59:02.635284+00:00,secret-server,running,0.02,15.63
2026-06-11T13:59:02.635284+00:00,room10,running,0.00,1.63
2026-06-11T13:59:02.635284+00:00,room11,running,0.00,1.36
2026-06-11T13:59:02.635284+00:00,final,running,0.00,0.94
2026-06-11T13:59:02.635284+00:00,secret-a,running,0.00,0.93
2026-06-11T13:59:02.635284+00:00,secret-b,running,0.00,0.89
2026-06-11T13:59:10.942681+00:00,room0,stopped,0.00,0.00
2026-06-11T13:59:10.942681+00:00,room1,stopped,0.00,0.00
2026-06-11T13:59:10.942681+00:00,room2,stopped,0.00,0.00
2026-06-11T13:59:10.942681+00:00,room3,stopped,0.00,0.00
2026-06-11T13:59:10.942681+00:00,room4,stopped,0.00,0.00
2026-06-11T13:59:10.942681+00:00,locked-server,stopped,0.00,0.00
2026-06-11T13:59:10.942681+00:00,room5,stopped,0.00,0.00
2026-06-11T13:59:10.942681+00:00,room6,stopped,0.00,0.00
2026-06-11T13:59:10.942681+00:00,room7,stopped,0.00,0.00
2026-06-11T13:59:10.942681+00:00,room8,stopped,0.00,0.00
2026-06-11T13:59:10.942681+00:00,room9,running,0.00,0.91
2026-06-11T13:59:10.942681+00:00,secret-server,running,0.02,15.63
2026-06-11T13:59:10.942681+00:00,room10,running,0.00,1.63
2026-06-11T13:59:10.942681+00:00,room11,running,0.00,1.36
2026-06-11T13:59:10.942681+00:00,final,running,0.00,0.94
2026-06-11T13:59:10.942681+00:00,secret-a,running,0.00,0.93
2026-06-11T13:59:10.942681+00:00,secret-b,running,0.00,0.89
2026-06-11T13:59:18.864186+00:00,room0,stopped,0.00,0.00
2026-06-11T13:59:18.864186+00:00,room1,stopped,0.00,0.00
2026-06-11T13:59:18.864186+00:00,room2,stopped,0.00,0.00
2026-06-11T13:59:18.864186+00:00,room3,stopped,0.00,0.00
2026-06-11T13:59:18.864186+00:00,room4,stopped,0.00,0.00
2026-06-11T13:59:18.864186+00:00,locked-server,stopped,0.00,0.00
2026-06-11T13:59:18.864186+00:00,room5,stopped,0.00,0.00
2026-06-11T13:59:18.864186+00:00,room6,stopped,0.00,0.00
2026-06-11T13:59:18.864186+00:00,room7,stopped,0.00,0.00
2026-06-11T13:59:18.864186+00:00,room8,stopped,0.00,0.00
2026-06-11T13:59:18.864186+00:00,room9,stopped,0.00,0.00
2026-06-11T13:59:18.864186+00:00,secret-server,running,0.03,15.63
2026-06-11T13:59:18.864186+00:00,room10,running,0.00,1.63
2026-06-11T13:59:18.864186+00:00,room11,running,0.00,1.36
2026-06-11T13:59:18.864186+00:00,final,running,0.00,0.94
2026-06-11T13:59:18.864186+00:00,secret-a,running,0.00,0.93
2026-06-11T13:59:18.864186+00:00,secret-b,running,0.00,0.89
2026-06-11T13:59:27.147852+00:00,room0,stopped,0.00,0.00
2026-06-11T13:59:27.147852+00:00,room1,stopped,0.00,0.00
2026-06-11T13:59:27.147852+00:00,room2,stopped,0.00,0.00
2026-06-11T13:59:27.147852+00:00,room3,stopped,0.00,0.00
2026-06-11T13:59:27.147852+00:00,room4,stopped,0.00,0.00
2026-06-11T13:59:27.147852+00:00,locked-server,stopped,0.00,0.00
2026-06-11T13:59:27.147852+00:00,room5,stopped,0.00,0.00
2026-06-11T13:59:27.147852+00:00,room6,stopped,0.00,0.00
2026-06-11T13:59:27.147852+00:00,room7,stopped,0.00,0.00
2026-06-11T13:59:27.147852+00:00,room8,stopped,0.00,0.00
2026-06-11T13:59:27.147852+00:00,room9,stopped,0.00,0.00
2026-06-11T13:59:27.147852+00:00,secret-server,stopped,0.00,0.00
2026-06-11T13:59:27.147852+00:00,room10,running,0.00,1.63
2026-06-11T13:59:27.147852+00:00,room11,running,0.00,1.36
2026-06-11T13:59:27.147852+00:00,final,running,0.00,0.94
2026-06-11T13:59:27.147852+00:00,secret-a,running,0.00,0.93
2026-06-11T13:59:27.147852+00:00,secret-b,running,0.00,0.89
2026-06-11T13:59:35.340488+00:00,room0,stopped,0.00,0.00
2026-06-11T13:59:35.340488+00:00,room1,stopped,0.00,0.00
2026-06-11T13:59:35.340488+00:00,room2,stopped,0.00,0.00
2026-06-11T13:59:35.340488+00:00,room3,stopped,0.00,0.00
2026-06-11T13:59:35.340488+00:00,room4,stopped,0.00,0.00
2026-06-11T13:59:35.340488+00:00,locked-server,stopped,0.00,0.00
2026-06-11T13:59:35.340488+00:00,room5,stopped,0.00,0.00
2026-06-11T13:59:35.340488+00:00,room6,stopped,0.00,0.00
2026-06-11T13:59:35.340488+00:00,room7,stopped,0.00,0.00
2026-06-11T13:59:35.340488+00:00,room8,stopped,0.00,0.00
2026-06-11T13:59:35.340488+00:00,room9,stopped,0.00,0.00
2026-06-11T13:59:35.340488+00:00,secret-server,stopped,0.00,0.00
2026-06-11T13:59:35.340488+00:00,room10,stopped,0.00,0.00
2026-06-11T13:59:35.340488+00:00,room11,running,0.00,1.36
2026-06-11T13:59:35.340488+00:00,final,running,0.00,0.94
2026-06-11T13:59:35.340488+00:00,secret-a,running,0.00,0.93
2026-06-11T13:59:35.340488+00:00,secret-b,running,0.00,0.89
2026-06-11T13:59:43.514375+00:00,room0,stopped,0.00,0.00
2026-06-11T13:59:43.514375+00:00,room1,stopped,0.00,0.00
2026-06-11T13:59:43.514375+00:00,room2,stopped,0.00,0.00
2026-06-11T13:59:43.514375+00:00,room3,stopped,0.00,0.00
2026-06-11T13:59:43.514375+00:00,room4,stopped,0.00,0.00
2026-06-11T13:59:43.514375+00:00,locked-server,stopped,0.00,0.00
2026-06-11T13:59:43.514375+00:00,room5,stopped,0.00,0.00
2026-06-11T13:59:43.514375+00:00,room6,stopped,0.00,0.00
2026-06-11T13:59:43.514375+00:00,room7,stopped,0.00,0.00
2026-06-11T13:59:43.514375+00:00,room8,stopped,0.00,0.00
2026-06-11T13:59:43.514375+00:00,room9,stopped,0.00,0.00
2026-06-11T13:59:43.514375+00:00,secret-server,stopped,0.00,0.00
2026-06-11T13:59:43.514375+00:00,room10,stopped,0.00,0.00
2026-06-11T13:59:43.514375+00:00,room11,running,0.00,1.36
2026-06-11T13:59:43.514375+00:00,final,running,0.00,0.94
2026-06-11T13:59:43.514375+00:00,secret-a,running,0.00,0.93
2026-06-11T13:59:43.514375+00:00,secret-b,running,0.00,0.89
2026-06-11T13:59:50.919697+00:00,room0,stopped,0.00,0.00
2026-06-11T13:59:50.919697+00:00,room1,stopped,0.00,0.00
2026-06-11T13:59:50.919697+00:00,room2,stopped,0.00,0.00
2026-06-11T13:59:50.919697+00:00,room3,stopped,0.00,0.00
2026-06-11T13:59:50.919697+00:00,room4,stopped,0.00,0.00
2026-06-11T13:59:50.919697+00:00,locked-server,stopped,0.00,0.00
2026-06-11T13:59:50.919697+00:00,room5,stopped,0.00,0.00
2026-06-11T13:59:50.919697+00:00,room6,stopped,0.00,0.00
2026-06-11T13:59:50.919697+00:00,room7,stopped,0.00,0.00
2026-06-11T13:59:50.919697+00:00,room8,stopped,0.00,0.00
2026-06-11T13:59:50.919697+00:00,room9,stopped,0.00,0.00
2026-06-11T13:59:50.919697+00:00,secret-server,stopped,0.00,0.00
2026-06-11T13:59:50.919697+00:00,room10,stopped,0.00,0.00
2026-06-11T13:59:50.919697+00:00,room11,stopped,0.00,0.00
2026-06-11T13:59:50.919697+00:00,final,running,0.00,0.94
2026-06-11T13:59:50.919697+00:00,secret-a,running,0.00,0.93
2026-06-11T13:59:50.919697+00:00,secret-b,running,0.00,0.89
2026-06-11T13:59:58.917913+00:00,room0,stopped,0.00,0.00
2026-06-11T13:59:58.917913+00:00,room1,stopped,0.00,0.00
2026-06-11T13:59:58.917913+00:00,room2,stopped,0.00,0.00
2026-06-11T13:59:58.917913+00:00,room3,stopped,0.00,0.00
2026-06-11T13:59:58.917913+00:00,room4,stopped,0.00,0.00
2026-06-11T13:59:58.917913+00:00,locked-server,stopped,0.00,0.00
2026-06-11T13:59:58.917913+00:00,room5,stopped,0.00,0.00
2026-06-11T13:59:58.917913+00:00,room6,stopped,0.00,0.00
2026-06-11T13:59:58.917913+00:00,room7,stopped,0.00,0.00
2026-06-11T13:59:58.917913+00:00,room8,stopped,0.00,0.00
2026-06-11T13:59:58.917913+00:00,room9,stopped,0.00,0.00
2026-06-11T13:59:58.917913+00:00,secret-server,stopped,0.00,0.00
2026-06-11T13:59:58.917913+00:00,room10,stopped,0.00,0.00
2026-06-11T13:59:58.917913+00:00,room11,stopped,0.00,0.00
2026-06-11T13:59:58.917913+00:00,final,stopped,0.00,0.00
2026-06-11T13:59:58.917913+00:00,secret-a,running,0.00,0.93
2026-06-11T13:59:58.917913+00:00,secret-b,running,0.00,0.89
2026-06-11T14:00:07.016441+00:00,room0,stopped,0.00,0.00
2026-06-11T14:00:07.016441+00:00,room1,stopped,0.00,0.00
2026-06-11T14:00:07.016441+00:00,room2,stopped,0.00,0.00
2026-06-11T14:00:07.016441+00:00,room3,stopped,0.00,0.00
2026-06-11T14:00:07.016441+00:00,room4,stopped,0.00,0.00
2026-06-11T14:00:07.016441+00:00,locked-server,stopped,0.00,0.00
2026-06-11T14:00:07.016441+00:00,room5,stopped,0.00,0.00
2026-06-11T14:00:07.016441+00:00,room6,stopped,0.00,0.00
2026-06-11T14:00:07.016441+00:00,room7,stopped,0.00,0.00
2026-06-11T14:00:07.016441+00:00,room8,stopped,0.00,0.00
2026-06-11T14:00:07.016441+00:00,room9,stopped,0.00,0.00
2026-06-11T14:00:07.016441+00:00,secret-server,stopped,0.00,0.00
2026-06-11T14:00:07.016441+00:00,room10,stopped,0.00,0.00
2026-06-11T14:00:07.016441+00:00,room11,stopped,0.00,0.00
2026-06-11T14:00:07.016441+00:00,final,stopped,0.00,0.00
2026-06-11T14:00:07.016441+00:00,secret-a,stopped,0.00,0.00
2026-06-11T14:00:07.016441+00:00,secret-b,running,0.00,0.89
2026-06-11T14:00:15.077278+00:00,room0,stopped,0.00,0.00
2026-06-11T14:00:15.077278+00:00,room1,stopped,0.00,0.00
2026-06-11T14:00:15.077278+00:00,room2,stopped,0.00,0.00
2026-06-11T14:00:15.077278+00:00,room3,stopped,0.00,0.00
2026-06-11T14:00:15.077278+00:00,room4,stopped,0.00,0.00
2026-06-11T14:00:15.077278+00:00,locked-server,stopped,0.00,0.00
2026-06-11T14:00:15.077278+00:00,room5,stopped,0.00,0.00
2026-06-11T14:00:15.077278+00:00,room6,stopped,0.00,0.00
2026-06-11T14:00:15.077278+00:00,room7,stopped,0.00,0.00
2026-06-11T14:00:15.077278+00:00,room8,stopped,0.00,0.00
2026-06-11T14:00:15.077278+00:00,room9,stopped,0.00,0.00
2026-06-11T14:00:15.077278+00:00,secret-server,stopped,0.00,0.00
2026-06-11T14:00:15.077278+00:00,room10,stopped,0.00,0.00
2026-06-11T14:00:15.077278+00:00,room11,stopped,0.00,0.00
2026-06-11T14:00:15.077278+00:00,final,stopped,0.00,0.00
2026-06-11T14:00:15.077278+00:00,secret-a,stopped,0.00,0.00
2026-06-11T14:00:15.077278+00:00,secret-b,running,0.00,0.89
2026-06-11T14:00:23.069986+00:00,room0,stopped,0.00,0.00
2026-06-11T14:00:23.069986+00:00,room1,stopped,0.00,0.00
2026-06-11T14:00:23.069986+00:00,room2,stopped,0.00,0.00
2026-06-11T14:00:23.069986+00:00,room3,stopped,0.00,0.00
2026-06-11T14:00:23.069986+00:00,room4,stopped,0.00,0.00
2026-06-11T14:00:23.069986+00:00,locked-server,stopped,0.00,0.00
2026-06-11T14:00:23.069986+00:00,room5,stopped,0.00,0.00
2026-06-11T14:00:23.069986+00:00,room6,stopped,0.00,0.00
2026-06-11T14:00:23.069986+00:00,room7,stopped,0.00,0.00
2026-06-11T14:00:23.069986+00:00,room8,stopped,0.00,0.00
2026-06-11T14:00:23.069986+00:00,room9,stopped,0.00,0.00
2026-06-11T14:00:23.069986+00:00,secret-server,stopped,0.00,0.00
2026-06-11T14:00:23.069986+00:00,room10,stopped,0.00,0.00
2026-06-11T14:00:23.069986+00:00,room11,stopped,0.00,0.00
2026-06-11T14:00:23.069986+00:00,final,stopped,0.00,0.00
2026-06-11T14:00:23.069986+00:00,secret-a,stopped,0.00,0.00
2026-06-11T14:00:23.069986+00:00,secret-b,stopped,0.00,0.00
2026-06-11T14:00:28.263839+00:00,room0,stopped,0.00,0.00
2026-06-11T14:00:28.263839+00:00,room1,stopped,0.00,0.00
2026-06-11T14:00:28.263839+00:00,room2,stopped,0.00,0.00
2026-06-11T14:00:28.263839+00:00,room3,stopped,0.00,0.00
2026-06-11T14:00:28.263839+00:00,room4,stopped,0.00,0.00
2026-06-11T14:00:28.263839+00:00,locked-server,stopped,0.00,0.00
2026-06-11T14:00:28.263839+00:00,room5,stopped,0.00,0.00
2026-06-11T14:00:28.263839+00:00,room6,stopped,0.00,0.00
2026-06-11T14:00:28.263839+00:00,room7,stopped,0.00,0.00
2026-06-11T14:00:28.263839+00:00,room8,stopped,0.00,0.00
2026-06-11T14:00:28.263839+00:00,room9,stopped,0.00,0.00
2026-06-11T14:00:28.263839+00:00,secret-server,stopped,0.00,0.00
2026-06-11T14:00:28.263839+00:00,room10,stopped,0.00,0.00
2026-06-11T14:00:28.263839+00:00,room11,stopped,0.00,0.00
2026-06-11T14:00:28.263839+00:00,final,stopped,0.00,0.00
2026-06-11T14:00:28.263839+00:00,secret-a,stopped,0.00,0.00
2026-06-11T14:00:28.263839+00:00,secret-b,stopped,0.00,0.00
2026-06-11T14:00:33.454455+00:00,room0,stopped,0.00,0.00
2026-06-11T14:00:33.454455+00:00,room1,stopped,0.00,0.00
2026-06-11T14:00:33.454455+00:00,room2,stopped,0.00,0.00
2026-06-11T14:00:33.454455+00:00,room3,stopped,0.00,0.00
2026-06-11T14:00:33.454455+00:00,room4,stopped,0.00,0.00
2026-06-11T14:00:33.454455+00:00,locked-server,stopped,0.00,0.00
2026-06-11T14:00:33.454455+00:00,room5,stopped,0.00,0.00
2026-06-11T14:00:33.454455+00:00,room6,stopped,0.00,0.00
2026-06-11T14:00:33.454455+00:00,room7,stopped,0.00,0.00
2026-06-11T14:00:33.454455+00:00,room8,stopped,0.00,0.00
2026-06-11T14:00:33.454455+00:00,room9,stopped,0.00,0.00
2026-06-11T14:00:33.454455+00:00,secret-server,stopped,0.00,0.00
2026-06-11T14:00:33.454455+00:00,room10,stopped,0.00,0.00
2026-06-11T14:00:33.454455+00:00,room11,stopped,0.00,0.00
2026-06-11T14:00:33.454455+00:00,final,stopped,0.00,0.00
2026-06-11T14:00:33.454455+00:00,secret-a,stopped,0.00,0.00
2026-06-11T14:00:33.454455+00:00,secret-b,stopped,0.00,0.00
2026-06-11T14:00:38.663773+00:00,room0,stopped,0.00,0.00
2026-06-11T14:00:38.663773+00:00,room1,stopped,0.00,0.00
2026-06-11T14:00:38.663773+00:00,room2,stopped,0.00,0.00
2026-06-11T14:00:38.663773+00:00,room3,stopped,0.00,0.00
2026-06-11T14:00:38.663773+00:00,room4,stopped,0.00,0.00
2026-06-11T14:00:38.663773+00:00,locked-server,stopped,0.00,0.00
2026-06-11T14:00:38.663773+00:00,room5,stopped,0.00,0.00
2026-06-11T14:00:38.663773+00:00,room6,stopped,0.00,0.00
2026-06-11T14:00:38.663773+00:00,room7,stopped,0.00,0.00
2026-06-11T14:00:38.663773+00:00,room8,stopped,0.00,0.00
2026-06-11T14:00:38.663773+00:00,room9,stopped,0.00,0.00
2026-06-11T14:00:38.663773+00:00,secret-server,stopped,0.00,0.00
2026-06-11T14:00:38.663773+00:00,room10,stopped,0.00,0.00
2026-06-11T14:00:38.663773+00:00,room11,stopped,0.00,0.00
2026-06-11T14:00:38.663773+00:00,final,stopped,0.00,0.00
2026-06-11T14:00:38.663773+00:00,secret-a,stopped,0.00,0.00
2026-06-11T14:00:38.663773+00:00,secret-b,stopped,0.00,0.00
2026-06-11T14:00:43.857055+00:00,room0,stopped,0.00,0.00
2026-06-11T14:00:43.857055+00:00,room1,stopped,0.00,0.00
2026-06-11T14:00:43.857055+00:00,room2,stopped,0.00,0.00
2026-06-11T14:00:43.857055+00:00,room3,stopped,0.00,0.00
2026-06-11T14:00:43.857055+00:00,room4,stopped,0.00,0.00
2026-06-11T14:00:43.857055+00:00,locked-server,stopped,0.00,0.00
2026-06-11T14:00:43.857055+00:00,room5,stopped,0.00,0.00
2026-06-11T14:00:43.857055+00:00,room6,stopped,0.00,0.00
2026-06-11T14:00:43.857055+00:00,room7,stopped,0.00,0.00
2026-06-11T14:00:43.857055+00:00,room8,stopped,0.00,0.00
2026-06-11T14:00:43.857055+00:00,room9,stopped,0.00,0.00
2026-06-11T14:00:43.857055+00:00,secret-server,stopped,0.00,0.00
2026-06-11T14:00:43.857055+00:00,room10,stopped,0.00,0.00
2026-06-11T14:00:43.857055+00:00,room11,stopped,0.00,0.00
2026-06-11T14:00:43.857055+00:00,final,stopped,0.00,0.00
2026-06-11T14:00:43.857055+00:00,secret-a,stopped,0.00,0.00
2026-06-11T14:00:43.857055+00:00,secret-b,stopped,0.00,0.00
2026-06-11T14:00:49.055863+00:00,room0,stopped,0.00,0.00
2026-06-11T14:00:49.055863+00:00,room1,stopped,0.00,0.00
2026-06-11T14:00:49.055863+00:00,room2,stopped,0.00,0.00
2026-06-11T14:00:49.055863+00:00,room3,stopped,0.00,0.00
2026-06-11T14:00:49.055863+00:00,room4,stopped,0.00,0.00
2026-06-11T14:00:49.055863+00:00,locked-server,stopped,0.00,0.00
2026-06-11T14:00:49.055863+00:00,room5,stopped,0.00,0.00
2026-06-11T14:00:49.055863+00:00,room6,stopped,0.00,0.00
2026-06-11T14:00:49.055863+00:00,room7,stopped,0.00,0.00
2026-06-11T14:00:49.055863+00:00,room8,stopped,0.00,0.00
2026-06-11T14:00:49.055863+00:00,room9,stopped,0.00,0.00
2026-06-11T14:00:49.055863+00:00,secret-server,stopped,0.00,0.00
2026-06-11T14:00:49.055863+00:00,room10,stopped,0.00,0.00
2026-06-11T14:00:49.055863+00:00,room11,stopped,0.00,0.00
2026-06-11T14:00:49.055863+00:00,final,stopped,0.00,0.00
2026-06-11T14:00:49.055863+00:00,secret-a,stopped,0.00,0.00
2026-06-11T14:00:49.055863+00:00,secret-b,stopped,0.00,0.00
2026-06-11T14:00:54.267488+00:00,room0,stopped,0.00,0.00
2026-06-11T14:00:54.267488+00:00,room1,stopped,0.00,0.00
2026-06-11T14:00:54.267488+00:00,room2,stopped,0.00,0.00
2026-06-11T14:00:54.267488+00:00,room3,stopped,0.00,0.00
2026-06-11T14:00:54.267488+00:00,room4,stopped,0.00,0.00
2026-06-11T14:00:54.267488+00:00,locked-server,stopped,0.00,0.00
2026-06-11T14:00:54.267488+00:00,room5,stopped,0.00,0.00
2026-06-11T14:00:54.267488+00:00,room6,stopped,0.00,0.00
2026-06-11T14:00:54.267488+00:00,room7,stopped,0.00,0.00
2026-06-11T14:00:54.267488+00:00,room8,stopped,0.00,0.00
2026-06-11T14:00:54.267488+00:00,room9,stopped,0.00,0.00
2026-06-11T14:00:54.267488+00:00,secret-server,stopped,0.00,0.00
2026-06-11T14:00:54.267488+00:00,room10,stopped,0.00,0.00
2026-06-11T14:00:54.267488+00:00,room11,stopped,0.00,0.00
2026-06-11T14:00:54.267488+00:00,final,stopped,0.00,0.00
2026-06-11T14:00:54.267488+00:00,secret-a,stopped,0.00,0.00
2026-06-11T14:00:54.267488+00:00,secret-b,stopped,0.00,0.00
2026-06-11T14:00:59.469738+00:00,room0,stopped,0.00,0.00
2026-06-11T14:00:59.469738+00:00,room1,stopped,0.00,0.00
2026-06-11T14:00:59.469738+00:00,room2,stopped,0.00,0.00
2026-06-11T14:00:59.469738+00:00,room3,stopped,0.00,0.00
2026-06-11T14:00:59.469738+00:00,room4,stopped,0.00,0.00
2026-06-11T14:00:59.469738+00:00,locked-server,stopped,0.00,0.00
2026-06-11T14:00:59.469738+00:00,room5,stopped,0.00,0.00
2026-06-11T14:00:59.469738+00:00,room6,stopped,0.00,0.00
2026-06-11T14:00:59.469738+00:00,room7,stopped,0.00,0.00
2026-06-11T14:00:59.469738+00:00,room8,stopped,0.00,0.00
2026-06-11T14:00:59.469738+00:00,room9,stopped,0.00,0.00
2026-06-11T14:00:59.469738+00:00,secret-server,stopped,0.00,0.00
2026-06-11T14:00:59.469738+00:00,room10,stopped,0.00,0.00
2026-06-11T14:00:59.469738+00:00,room11,stopped,0.00,0.00
2026-06-11T14:00:59.469738+00:00,final,stopped,0.00,0.00
2026-06-11T14:00:59.469738+00:00,secret-a,stopped,0.00,0.00
2026-06-11T14:00:59.469738+00:00,secret-b,stopped,0.00,0.00
2026-06-11T14:01:04.664715+00:00,room0,stopped,0.00,0.00
2026-06-11T14:01:04.664715+00:00,room1,stopped,0.00,0.00
2026-06-11T14:01:04.664715+00:00,room2,stopped,0.00,0.00
2026-06-11T14:01:04.664715+00:00,room3,stopped,0.00,0.00
2026-06-11T14:01:04.664715+00:00,room4,stopped,0.00,0.00
2026-06-11T14:01:04.664715+00:00,locked-server,stopped,0.00,0.00
2026-06-11T14:01:04.664715+00:00,room5,stopped,0.00,0.00
2026-06-11T14:01:04.664715+00:00,room6,stopped,0.00,0.00
2026-06-11T14:01:04.664715+00:00,room7,stopped,0.00,0.00
2026-06-11T14:01:04.664715+00:00,room8,stopped,0.00,0.00
2026-06-11T14:01:04.664715+00:00,room9,stopped,0.00,0.00
2026-06-11T14:01:04.664715+00:00,secret-server,stopped,0.00,0.00
2026-06-11T14:01:04.664715+00:00,room10,stopped,0.00,0.00
2026-06-11T14:01:04.664715+00:00,room11,stopped,0.00,0.00
2026-06-11T14:01:04.664715+00:00,final,stopped,0.00,0.00
2026-06-11T14:01:04.664715+00:00,secret-a,stopped,0.00,0.00
2026-06-11T14:01:04.664715+00:00,secret-b,stopped,0.00,0.00
2026-06-11T14:01:09.883655+00:00,room0,stopped,0.00,0.00
2026-06-11T14:01:09.883655+00:00,room1,stopped,0.00,0.00
2026-06-11T14:01:09.883655+00:00,room2,stopped,0.00,0.00
2026-06-11T14:01:09.883655+00:00,room3,stopped,0.00,0.00
2026-06-11T14:01:09.883655+00:00,room4,stopped,0.00,0.00
2026-06-11T14:01:09.883655+00:00,locked-server,stopped,0.00,0.00
2026-06-11T14:01:09.883655+00:00,room5,stopped,0.00,0.00
2026-06-11T14:01:09.883655+00:00,room6,stopped,0.00,0.00
2026-06-11T14:01:09.883655+00:00,room7,stopped,0.00,0.00
2026-06-11T14:01:09.883655+00:00,room8,stopped,0.00,0.00
2026-06-11T14:01:09.883655+00:00,room9,stopped,0.00,0.00
2026-06-11T14:01:09.883655+00:00,secret-server,stopped,0.00,0.00
2026-06-11T14:01:09.883655+00:00,room10,stopped,0.00,0.00
2026-06-11T14:01:09.883655+00:00,room11,stopped,0.00,0.00
2026-06-11T14:01:09.883655+00:00,final,stopped,0.00,0.00
2026-06-11T14:01:09.883655+00:00,secret-a,stopped,0.00,0.00
2026-06-11T14:01:09.883655+00:00,secret-b,stopped,0.00,0.00
2026-06-11T14:01:15.084978+00:00,room0,stopped,0.00,0.00
2026-06-11T14:01:15.084978+00:00,room1,stopped,0.00,0.00
2026-06-11T14:01:15.084978+00:00,room2,stopped,0.00,0.00
2026-06-11T14:01:15.084978+00:00,room3,stopped,0.00,0.00
2026-06-11T14:01:15.084978+00:00,room4,stopped,0.00,0.00
2026-06-11T14:01:15.084978+00:00,locked-server,stopped,0.00,0.00
2026-06-11T14:01:15.084978+00:00,room5,stopped,0.00,0.00
2026-06-11T14:01:15.084978+00:00,room6,stopped,0.00,0.00
2026-06-11T14:01:15.084978+00:00,room7,stopped,0.00,0.00
2026-06-11T14:01:15.084978+00:00,room8,stopped,0.00,0.00
2026-06-11T14:01:15.084978+00:00,room9,stopped,0.00,0.00
2026-06-11T14:01:15.084978+00:00,secret-server,stopped,0.00,0.00
2026-06-11T14:01:15.084978+00:00,room10,stopped,0.00,0.00
2026-06-11T14:01:15.084978+00:00,room11,stopped,0.00,0.00
2026-06-11T14:01:15.084978+00:00,final,stopped,0.00,0.00
2026-06-11T14:01:15.084978+00:00,secret-a,stopped,0.00,0.00
2026-06-11T14:01:15.084978+00:00,secret-b,stopped,0.00,0.00
2026-06-11T14:01:20.288142+00:00,room0,stopped,0.00,0.00
2026-06-11T14:01:20.288142+00:00,room1,stopped,0.00,0.00
2026-06-11T14:01:20.288142+00:00,room2,stopped,0.00,0.00
2026-06-11T14:01:20.288142+00:00,room3,stopped,0.00,0.00
2026-06-11T14:01:20.288142+00:00,room4,stopped,0.00,0.00
2026-06-11T14:01:20.288142+00:00,locked-server,stopped,0.00,0.00
2026-06-11T14:01:20.288142+00:00,room5,stopped,0.00,0.00
2026-06-11T14:01:20.288142+00:00,room6,stopped,0.00,0.00
2026-06-11T14:01:20.288142+00:00,room7,stopped,0.00,0.00
2026-06-11T14:01:20.288142+00:00,room8,stopped,0.00,0.00
2026-06-11T14:01:20.288142+00:00,room9,stopped,0.00,0.00
2026-06-11T14:01:20.288142+00:00,secret-server,stopped,0.00,0.00
2026-06-11T14:01:20.288142+00:00,room10,stopped,0.00,0.00
2026-06-11T14:01:20.288142+00:00,room11,stopped,0.00,0.00
2026-06-11T14:01:20.288142+00:00,final,stopped,0.00,0.00
2026-06-11T14:01:20.288142+00:00,secret-a,stopped,0.00,0.00
2026-06-11T14:01:20.288142+00:00,secret-b,stopped,0.00,0.00
2026-06-11T14:01:25.475383+00:00,room0,stopped,0.00,0.00
2026-06-11T14:01:25.475383+00:00,room1,stopped,0.00,0.00
2026-06-11T14:01:25.475383+00:00,room2,stopped,0.00,0.00
2026-06-11T14:01:25.475383+00:00,room3,stopped,0.00,0.00
2026-06-11T14:01:25.475383+00:00,room4,stopped,0.00,0.00
2026-06-11T14:01:25.475383+00:00,locked-server,stopped,0.00,0.00
2026-06-11T14:01:25.475383+00:00,room5,stopped,0.00,0.00
2026-06-11T14:01:25.475383+00:00,room6,stopped,0.00,0.00
2026-06-11T14:01:25.475383+00:00,room7,stopped,0.00,0.00
2026-06-11T14:01:25.475383+00:00,room8,stopped,0.00,0.00
2026-06-11T14:01:25.475383+00:00,room9,stopped,0.00,0.00
2026-06-11T14:01:25.475383+00:00,secret-server,stopped,0.00,0.00
2026-06-11T14:01:25.475383+00:00,room10,stopped,0.00,0.00
2026-06-11T14:01:25.475383+00:00,room11,stopped,0.00,0.00
2026-06-11T14:01:25.475383+00:00,final,stopped,0.00,0.00
2026-06-11T14:01:25.475383+00:00,secret-a,stopped,0.00,0.00
2026-06-11T14:01:25.475383+00:00,secret-b,stopped,0.00,0.00
2026-06-11T14:01:30.699265+00:00,room0,stopped,0.00,0.00
2026-06-11T14:01:30.699265+00:00,room1,stopped,0.00,0.00
2026-06-11T14:01:30.699265+00:00,room2,stopped,0.00,0.00
2026-06-11T14:01:30.699265+00:00,room3,stopped,0.00,0.00
2026-06-11T14:01:30.699265+00:00,room4,stopped,0.00,0.00
2026-06-11T14:01:30.699265+00:00,locked-server,stopped,0.00,0.00
2026-06-11T14:01:30.699265+00:00,room5,stopped,0.00,0.00
2026-06-11T14:01:30.699265+00:00,room6,stopped,0.00,0.00
2026-06-11T14:01:30.699265+00:00,room7,stopped,0.00,0.00
2026-06-11T14:01:30.699265+00:00,room8,stopped,0.00,0.00
2026-06-11T14:01:30.699265+00:00,room9,stopped,0.00,0.00
2026-06-11T14:01:30.699265+00:00,secret-server,stopped,0.00,0.00
2026-06-11T14:01:30.699265+00:00,room10,stopped,0.00,0.00
2026-06-11T14:01:30.699265+00:00,room11,stopped,0.00,0.00
2026-06-11T14:01:30.699265+00:00,final,stopped,0.00,0.00
2026-06-11T14:01:30.699265+00:00,secret-a,stopped,0.00,0.00
2026-06-11T14:01:30.699265+00:00,secret-b,stopped,0.00,0.00
2026-06-11T14:01:35.919005+00:00,room0,stopped,0.00,0.00
2026-06-11T14:01:35.919005+00:00,room1,stopped,0.00,0.00
2026-06-11T14:01:35.919005+00:00,room2,stopped,0.00,0.00
2026-06-11T14:01:35.919005+00:00,room3,stopped,0.00,0.00
2026-06-11T14:01:35.919005+00:00,room4,stopped,0.00,0.00
2026-06-11T14:01:35.919005+00:00,locked-server,stopped,0.00,0.00
2026-06-11T14:01:35.919005+00:00,room5,stopped,0.00,0.00
2026-06-11T14:01:35.919005+00:00,room6,stopped,0.00,0.00
2026-06-11T14:01:35.919005+00:00,room7,stopped,0.00,0.00
2026-06-11T14:01:35.919005+00:00,room8,stopped,0.00,0.00
2026-06-11T14:01:35.919005+00:00,room9,stopped,0.00,0.00
2026-06-11T14:01:35.919005+00:00,secret-server,stopped,0.00,0.00
2026-06-11T14:01:35.919005+00:00,room10,stopped,0.00,0.00
2026-06-11T14:01:35.919005+00:00,room11,stopped,0.00,0.00
2026-06-11T14:01:35.919005+00:00,final,stopped,0.00,0.00
2026-06-11T14:01:35.919005+00:00,secret-a,stopped,0.00,0.00
2026-06-11T14:01:35.919005+00:00,secret-b,stopped,0.00,0.00
2026-06-11T14:01:41.115443+00:00,room0,stopped,0.00,0.00
2026-06-11T14:01:41.115443+00:00,room1,stopped,0.00,0.00
2026-06-11T14:01:41.115443+00:00,room2,stopped,0.00,0.00
2026-06-11T14:01:41.115443+00:00,room3,stopped,0.00,0.00
2026-06-11T14:01:41.115443+00:00,room4,stopped,0.00,0.00
2026-06-11T14:01:41.115443+00:00,locked-server,stopped,0.00,0.00
2026-06-11T14:01:41.115443+00:00,room5,stopped,0.00,0.00
2026-06-11T14:01:41.115443+00:00,room6,stopped,0.00,0.00
2026-06-11T14:01:41.115443+00:00,room7,stopped,0.00,0.00
2026-06-11T14:01:41.115443+00:00,room8,stopped,0.00,0.00
2026-06-11T14:01:41.115443+00:00,room9,stopped,0.00,0.00
2026-06-11T14:01:41.115443+00:00,secret-server,stopped,0.00,0.00
2026-06-11T14:01:41.115443+00:00,room10,stopped,0.00,0.00
2026-06-11T14:01:41.115443+00:00,room11,stopped,0.00,0.00
2026-06-11T14:01:41.115443+00:00,final,stopped,0.00,0.00
2026-06-11T14:01:41.115443+00:00,secret-a,stopped,0.00,0.00
2026-06-11T14:01:41.115443+00:00,secret-b,stopped,0.00,0.00
2026-06-11T14:01:46.384470+00:00,room0,stopped,0.00,0.00
2026-06-11T14:01:46.384470+00:00,room1,stopped,0.00,0.00
2026-06-11T14:01:46.384470+00:00,room2,stopped,0.00,0.00
2026-06-11T14:01:46.384470+00:00,room3,stopped,0.00,0.00
2026-06-11T14:01:46.384470+00:00,room4,stopped,0.00,0.00
2026-06-11T14:01:46.384470+00:00,locked-server,stopped,0.00,0.00
2026-06-11T14:01:46.384470+00:00,room5,stopped,0.00,0.00
2026-06-11T14:01:46.384470+00:00,room6,stopped,0.00,0.00
2026-06-11T14:01:46.384470+00:00,room7,stopped,0.00,0.00
2026-06-11T14:01:46.384470+00:00,room8,stopped,0.00,0.00
2026-06-11T14:01:46.384470+00:00,room9,stopped,0.00,0.00
2026-06-11T14:01:46.384470+00:00,secret-server,stopped,0.00,0.00
2026-06-11T14:01:46.384470+00:00,room10,stopped,0.00,0.00
2026-06-11T14:01:46.384470+00:00,room11,stopped,0.00,0.00
2026-06-11T14:01:46.384470+00:00,final,stopped,0.00,0.00
2026-06-11T14:01:46.384470+00:00,secret-a,stopped,0.00,0.00
2026-06-11T14:01:46.384470+00:00,secret-b,stopped,0.00,0.00
2026-06-11T14:01:51.622669+00:00,room0,stopped,0.00,0.00
2026-06-11T14:01:51.622669+00:00,room1,stopped,0.00,0.00
2026-06-11T14:01:51.622669+00:00,room2,stopped,0.00,0.00
2026-06-11T14:01:51.622669+00:00,room3,stopped,0.00,0.00
2026-06-11T14:01:51.622669+00:00,room4,stopped,0.00,0.00
2026-06-11T14:01:51.622669+00:00,locked-server,stopped,0.00,0.00
2026-06-11T14:01:51.622669+00:00,room5,stopped,0.00,0.00
2026-06-11T14:01:51.622669+00:00,room6,stopped,0.00,0.00
2026-06-11T14:01:51.622669+00:00,room7,stopped,0.00,0.00
2026-06-11T14:01:51.622669+00:00,room8,stopped,0.00,0.00
2026-06-11T14:01:51.622669+00:00,room9,stopped,0.00,0.00
2026-06-11T14:01:51.622669+00:00,secret-server,stopped,0.00,0.00
2026-06-11T14:01:51.622669+00:00,room10,stopped,0.00,0.00
2026-06-11T14:01:51.622669+00:00,room11,stopped,0.00,0.00
2026-06-11T14:01:51.622669+00:00,final,stopped,0.00,0.00
2026-06-11T14:01:51.622669+00:00,secret-a,stopped,0.00,0.00
2026-06-11T14:01:51.622669+00:00,secret-b,stopped,0.00,0.00
2026-06-11T14:01:57.016526+00:00,room0,stopped,0.00,0.00
2026-06-11T14:01:57.016526+00:00,room1,stopped,0.00,0.00
2026-06-11T14:01:57.016526+00:00,room2,stopped,0.00,0.00
2026-06-11T14:01:57.016526+00:00,room3,stopped,0.00,0.00
2026-06-11T14:01:57.016526+00:00,room4,stopped,0.00,0.00
2026-06-11T14:01:57.016526+00:00,locked-server,stopped,0.00,0.00
2026-06-11T14:01:57.016526+00:00,room5,stopped,0.00,0.00
2026-06-11T14:01:57.016526+00:00,room6,stopped,0.00,0.00
2026-06-11T14:01:57.016526+00:00,room7,stopped,0.00,0.00
2026-06-11T14:01:57.016526+00:00,room8,stopped,0.00,0.00
2026-06-11T14:01:57.016526+00:00,room9,stopped,0.00,0.00
2026-06-11T14:01:57.016526+00:00,secret-server,stopped,0.00,0.00
2026-06-11T14:01:57.016526+00:00,room10,stopped,0.00,0.00
2026-06-11T14:01:57.016526+00:00,room11,stopped,0.00,0.00
2026-06-11T14:01:57.016526+00:00,final,stopped,0.00,0.00
2026-06-11T14:01:57.016526+00:00,secret-a,stopped,0.00,0.00
2026-06-11T14:01:57.016526+00:00,secret-b,stopped,0.00,0.00
2026-06-11T14:02:02.209668+00:00,room0,stopped,0.00,0.00
2026-06-11T14:02:02.209668+00:00,room1,stopped,0.00,0.00
2026-06-11T14:02:02.209668+00:00,room2,stopped,0.00,0.00
2026-06-11T14:02:02.209668+00:00,room3,stopped,0.00,0.00
2026-06-11T14:02:02.209668+00:00,room4,stopped,0.00,0.00
2026-06-11T14:02:02.209668+00:00,locked-server,stopped,0.00,0.00
2026-06-11T14:02:02.209668+00:00,room5,stopped,0.00,0.00
2026-06-11T14:02:02.209668+00:00,room6,stopped,0.00,0.00
2026-06-11T14:02:02.209668+00:00,room7,stopped,0.00,0.00
2026-06-11T14:02:02.209668+00:00,room8,stopped,0.00,0.00
2026-06-11T14:02:02.209668+00:00,room9,stopped,0.00,0.00
2026-06-11T14:02:02.209668+00:00,secret-server,stopped,0.00,0.00
2026-06-11T14:02:02.209668+00:00,room10,stopped,0.00,0.00
2026-06-11T14:02:02.209668+00:00,room11,stopped,0.00,0.00
2026-06-11T14:02:02.209668+00:00,final,stopped,0.00,0.00
2026-06-11T14:02:02.209668+00:00,secret-a,stopped,0.00,0.00
2026-06-11T14:02:02.209668+00:00,secret-b,stopped,0.00,0.00
2026-06-11T14:02:07.411550+00:00,room0,stopped,0.00,0.00
2026-06-11T14:02:07.411550+00:00,room1,stopped,0.00,0.00
2026-06-11T14:02:07.411550+00:00,room2,stopped,0.00,0.00
2026-06-11T14:02:07.411550+00:00,room3,stopped,0.00,0.00
2026-06-11T14:02:07.411550+00:00,room4,stopped,0.00,0.00
2026-06-11T14:02:07.411550+00:00,locked-server,stopped,0.00,0.00
2026-06-11T14:02:07.411550+00:00,room5,stopped,0.00,0.00
2026-06-11T14:02:07.411550+00:00,room6,stopped,0.00,0.00
2026-06-11T14:02:07.411550+00:00,room7,stopped,0.00,0.00
2026-06-11T14:02:07.411550+00:00,room8,stopped,0.00,0.00
2026-06-11T14:02:07.411550+00:00,room9,stopped,0.00,0.00
2026-06-11T14:02:07.411550+00:00,secret-server,stopped,0.00,0.00
2026-06-11T14:02:07.411550+00:00,room10,stopped,0.00,0.00
2026-06-11T14:02:07.411550+00:00,room11,stopped,0.00,0.00
2026-06-11T14:02:07.411550+00:00,final,stopped,0.00,0.00
2026-06-11T14:02:07.411550+00:00,secret-a,stopped,0.00,0.00
2026-06-11T14:02:07.411550+00:00,secret-b,stopped,0.00,0.00
2026-06-11T14:02:12.627331+00:00,room0,stopped,0.00,0.00
2026-06-11T14:02:12.627331+00:00,room1,stopped,0.00,0.00
2026-06-11T14:02:12.627331+00:00,room2,stopped,0.00,0.00
2026-06-11T14:02:12.627331+00:00,room3,stopped,0.00,0.00
2026-06-11T14:02:12.627331+00:00,room4,stopped,0.00,0.00
2026-06-11T14:02:12.627331+00:00,locked-server,stopped,0.00,0.00
2026-06-11T14:02:12.627331+00:00,room5,stopped,0.00,0.00
2026-06-11T14:02:12.627331+00:00,room6,stopped,0.00,0.00
2026-06-11T14:02:12.627331+00:00,room7,stopped,0.00,0.00
2026-06-11T14:02:12.627331+00:00,room8,stopped,0.00,0.00
2026-06-11T14:02:12.627331+00:00,room9,stopped,0.00,0.00
2026-06-11T14:02:12.627331+00:00,secret-server,stopped,0.00,0.00
2026-06-11T14:02:12.627331+00:00,room10,stopped,0.00,0.00
2026-06-11T14:02:12.627331+00:00,room11,stopped,0.00,0.00
2026-06-11T14:02:12.627331+00:00,final,stopped,0.00,0.00
2026-06-11T14:02:12.627331+00:00,secret-a,stopped,0.00,0.00
2026-06-11T14:02:12.627331+00:00,secret-b,stopped,0.00,0.00
2026-06-11T14:02:17.842766+00:00,room0,stopped,0.00,0.00
2026-06-11T14:02:17.842766+00:00,room1,stopped,0.00,0.00
2026-06-11T14:02:17.842766+00:00,room2,stopped,0.00,0.00
2026-06-11T14:02:17.842766+00:00,room3,stopped,0.00,0.00
2026-06-11T14:02:17.842766+00:00,room4,stopped,0.00,0.00
2026-06-11T14:02:17.842766+00:00,locked-server,stopped,0.00,0.00
2026-06-11T14:02:17.842766+00:00,room5,stopped,0.00,0.00
2026-06-11T14:02:17.842766+00:00,room6,stopped,0.00,0.00
2026-06-11T14:02:17.842766+00:00,room7,stopped,0.00,0.00
2026-06-11T14:02:17.842766+00:00,room8,stopped,0.00,0.00
2026-06-11T14:02:17.842766+00:00,room9,stopped,0.00,0.00
2026-06-11T14:02:17.842766+00:00,secret-server,stopped,0.00,0.00
2026-06-11T14:02:17.842766+00:00,room10,stopped,0.00,0.00
2026-06-11T14:02:17.842766+00:00,room11,stopped,0.00,0.00
2026-06-11T14:02:17.842766+00:00,final,stopped,0.00,0.00
2026-06-11T14:02:17.842766+00:00,secret-a,stopped,0.00,0.00
2026-06-11T14:02:17.842766+00:00,secret-b,stopped,0.00,0.00
2026-06-11T14:02:23.041257+00:00,room0,stopped,0.00,0.00
2026-06-11T14:02:23.041257+00:00,room1,stopped,0.00,0.00
2026-06-11T14:02:23.041257+00:00,room2,stopped,0.00,0.00
2026-06-11T14:02:23.041257+00:00,room3,stopped,0.00,0.00
2026-06-11T14:02:23.041257+00:00,room4,stopped,0.00,0.00
2026-06-11T14:02:23.041257+00:00,locked-server,stopped,0.00,0.00
2026-06-11T14:02:23.041257+00:00,room5,stopped,0.00,0.00
2026-06-11T14:02:23.041257+00:00,room6,stopped,0.00,0.00
2026-06-11T14:02:23.041257+00:00,room7,stopped,0.00,0.00
2026-06-11T14:02:23.041257+00:00,room8,stopped,0.00,0.00
2026-06-11T14:02:23.041257+00:00,room9,stopped,0.00,0.00
2026-06-11T14:02:23.041257+00:00,secret-server,stopped,0.00,0.00
2026-06-11T14:02:23.041257+00:00,room10,stopped,0.00,0.00
2026-06-11T14:02:23.041257+00:00,room11,stopped,0.00,0.00
2026-06-11T14:02:23.041257+00:00,final,stopped,0.00,0.00
2026-06-11T14:02:23.041257+00:00,secret-a,stopped,0.00,0.00
2026-06-11T14:02:23.041257+00:00,secret-b,stopped,0.00,0.00
2026-06-11T14:02:28.229589+00:00,room0,stopped,0.00,0.00
2026-06-11T14:02:28.229589+00:00,room1,stopped,0.00,0.00
2026-06-11T14:02:28.229589+00:00,room2,stopped,0.00,0.00
2026-06-11T14:02:28.229589+00:00,room3,stopped,0.00,0.00
2026-06-11T14:02:28.229589+00:00,room4,stopped,0.00,0.00
2026-06-11T14:02:28.229589+00:00,locked-server,stopped,0.00,0.00
2026-06-11T14:02:28.229589+00:00,room5,stopped,0.00,0.00
2026-06-11T14:02:28.229589+00:00,room6,stopped,0.00,0.00
2026-06-11T14:02:28.229589+00:00,room7,stopped,0.00,0.00
2026-06-11T14:02:28.229589+00:00,room8,stopped,0.00,0.00
2026-06-11T14:02:28.229589+00:00,room9,stopped,0.00,0.00
2026-06-11T14:02:28.229589+00:00,secret-server,stopped,0.00,0.00
2026-06-11T14:02:28.229589+00:00,room10,stopped,0.00,0.00
2026-06-11T14:02:28.229589+00:00,room11,stopped,0.00,0.00
2026-06-11T14:02:28.229589+00:00,final,stopped,0.00,0.00
2026-06-11T14:02:28.229589+00:00,secret-a,stopped,0.00,0.00
2026-06-11T14:02:28.229589+00:00,secret-b,stopped,0.00,0.00
2026-06-11T14:02:33.435136+00:00,room0,stopped,0.00,0.00
2026-06-11T14:02:33.435136+00:00,room1,stopped,0.00,0.00
2026-06-11T14:02:33.435136+00:00,room2,stopped,0.00,0.00
2026-06-11T14:02:33.435136+00:00,room3,stopped,0.00,0.00
2026-06-11T14:02:33.435136+00:00,room4,stopped,0.00,0.00
2026-06-11T14:02:33.435136+00:00,locked-server,stopped,0.00,0.00
2026-06-11T14:02:33.435136+00:00,room5,stopped,0.00,0.00
2026-06-11T14:02:33.435136+00:00,room6,stopped,0.00,0.00
2026-06-11T14:02:33.435136+00:00,room7,stopped,0.00,0.00
2026-06-11T14:02:33.435136+00:00,room8,stopped,0.00,0.00
2026-06-11T14:02:33.435136+00:00,room9,stopped,0.00,0.00
2026-06-11T14:02:33.435136+00:00,secret-server,stopped,0.00,0.00
2026-06-11T14:02:33.435136+00:00,room10,stopped,0.00,0.00
2026-06-11T14:02:33.435136+00:00,room11,stopped,0.00,0.00
2026-06-11T14:02:33.435136+00:00,final,stopped,0.00,0.00
2026-06-11T14:02:33.435136+00:00,secret-a,stopped,0.00,0.00
2026-06-11T14:02:33.435136+00:00,secret-b,stopped,0.00,0.00
2026-06-11T14:02:38.625616+00:00,room0,stopped,0.00,0.00
2026-06-11T14:02:38.625616+00:00,room1,stopped,0.00,0.00
2026-06-11T14:02:38.625616+00:00,room2,stopped,0.00,0.00
2026-06-11T14:02:38.625616+00:00,room3,stopped,0.00,0.00
2026-06-11T14:02:38.625616+00:00,room4,stopped,0.00,0.00
2026-06-11T14:02:38.625616+00:00,locked-server,stopped,0.00,0.00
2026-06-11T14:02:38.625616+00:00,room5,stopped,0.00,0.00
2026-06-11T14:02:38.625616+00:00,room6,stopped,0.00,0.00
2026-06-11T14:02:38.625616+00:00,room7,stopped,0.00,0.00
2026-06-11T14:02:38.625616+00:00,room8,stopped,0.00,0.00
2026-06-11T14:02:38.625616+00:00,room9,stopped,0.00,0.00
2026-06-11T14:02:38.625616+00:00,secret-server,stopped,0.00,0.00
2026-06-11T14:02:38.625616+00:00,room10,stopped,0.00,0.00
2026-06-11T14:02:38.625616+00:00,room11,stopped,0.00,0.00
2026-06-11T14:02:38.625616+00:00,final,stopped,0.00,0.00
2026-06-11T14:02:38.625616+00:00,secret-a,stopped,0.00,0.00
2026-06-11T14:02:38.625616+00:00,secret-b,stopped,0.00,0.00
2026-06-11T14:02:43.833419+00:00,room0,stopped,0.00,0.00
2026-06-11T14:02:43.833419+00:00,room1,stopped,0.00,0.00
2026-06-11T14:02:43.833419+00:00,room2,stopped,0.00,0.00
2026-06-11T14:02:43.833419+00:00,room3,stopped,0.00,0.00
2026-06-11T14:02:43.833419+00:00,room4,stopped,0.00,0.00
2026-06-11T14:02:43.833419+00:00,locked-server,stopped,0.00,0.00
2026-06-11T14:02:43.833419+00:00,room5,stopped,0.00,0.00
2026-06-11T14:02:43.833419+00:00,room6,stopped,0.00,0.00
2026-06-11T14:02:43.833419+00:00,room7,stopped,0.00,0.00
2026-06-11T14:02:43.833419+00:00,room8,stopped,0.00,0.00
2026-06-11T14:02:43.833419+00:00,room9,stopped,0.00,0.00
2026-06-11T14:02:43.833419+00:00,secret-server,stopped,0.00,0.00
2026-06-11T14:02:43.833419+00:00,room10,stopped,0.00,0.00
2026-06-11T14:02:43.833419+00:00,room11,stopped,0.00,0.00
2026-06-11T14:02:43.833419+00:00,final,stopped,0.00,0.00
2026-06-11T14:02:43.833419+00:00,secret-a,stopped,0.00,0.00
2026-06-11T14:02:43.833419+00:00,secret-b,stopped,0.00,0.00
2026-06-11T14:02:49.036101+00:00,room0,stopped,0.00,0.00
2026-06-11T14:02:49.036101+00:00,room1,stopped,0.00,0.00
2026-06-11T14:02:49.036101+00:00,room2,stopped,0.00,0.00
2026-06-11T14:02:49.036101+00:00,room3,stopped,0.00,0.00
2026-06-11T14:02:49.036101+00:00,room4,stopped,0.00,0.00
2026-06-11T14:02:49.036101+00:00,locked-server,stopped,0.00,0.00
2026-06-11T14:02:49.036101+00:00,room5,stopped,0.00,0.00
2026-06-11T14:02:49.036101+00:00,room6,stopped,0.00,0.00
2026-06-11T14:02:49.036101+00:00,room7,stopped,0.00,0.00
2026-06-11T14:02:49.036101+00:00,room8,stopped,0.00,0.00
2026-06-11T14:02:49.036101+00:00,room9,stopped,0.00,0.00
2026-06-11T14:02:49.036101+00:00,secret-server,stopped,0.00,0.00
2026-06-11T14:02:49.036101+00:00,room10,stopped,0.00,0.00
2026-06-11T14:02:49.036101+00:00,room11,stopped,0.00,0.00
2026-06-11T14:02:49.036101+00:00,final,stopped,0.00,0.00
2026-06-11T14:02:49.036101+00:00,secret-a,stopped,0.00,0.00
2026-06-11T14:02:49.036101+00:00,secret-b,stopped,0.00,0.00
2026-06-11T14:02:54.232286+00:00,room0,stopped,0.00,0.00
2026-06-11T14:02:54.232286+00:00,room1,stopped,0.00,0.00
2026-06-11T14:02:54.232286+00:00,room2,stopped,0.00,0.00
2026-06-11T14:02:54.232286+00:00,room3,stopped,0.00,0.00
2026-06-11T14:02:54.232286+00:00,room4,stopped,0.00,0.00
2026-06-11T14:02:54.232286+00:00,locked-server,stopped,0.00,0.00
2026-06-11T14:02:54.232286+00:00,room5,stopped,0.00,0.00
2026-06-11T14:02:54.232286+00:00,room6,stopped,0.00,0.00
2026-06-11T14:02:54.232286+00:00,room7,stopped,0.00,0.00
2026-06-11T14:02:54.232286+00:00,room8,stopped,0.00,0.00
2026-06-11T14:02:54.232286+00:00,room9,stopped,0.00,0.00
2026-06-11T14:02:54.232286+00:00,secret-server,stopped,0.00,0.00
2026-06-11T14:02:54.232286+00:00,room10,stopped,0.00,0.00
2026-06-11T14:02:54.232286+00:00,room11,stopped,0.00,0.00
2026-06-11T14:02:54.232286+00:00,final,stopped,0.00,0.00
2026-06-11T14:02:54.232286+00:00,secret-a,stopped,0.00,0.00
2026-06-11T14:02:54.232286+00:00,secret-b,stopped,0.00,0.00
2026-06-11T14:02:59.441679+00:00,room0,stopped,0.00,0.00
2026-06-11T14:02:59.441679+00:00,room1,stopped,0.00,0.00
2026-06-11T14:02:59.441679+00:00,room2,stopped,0.00,0.00
2026-06-11T14:02:59.441679+00:00,room3,stopped,0.00,0.00
2026-06-11T14:02:59.441679+00:00,room4,stopped,0.00,0.00
2026-06-11T14:02:59.441679+00:00,locked-server,stopped,0.00,0.00
2026-06-11T14:02:59.441679+00:00,room5,stopped,0.00,0.00
2026-06-11T14:02:59.441679+00:00,room6,stopped,0.00,0.00
2026-06-11T14:02:59.441679+00:00,room7,stopped,0.00,0.00
2026-06-11T14:02:59.441679+00:00,room8,stopped,0.00,0.00
2026-06-11T14:02:59.441679+00:00,room9,stopped,0.00,0.00
2026-06-11T14:02:59.441679+00:00,secret-server,stopped,0.00,0.00
2026-06-11T14:02:59.441679+00:00,room10,stopped,0.00,0.00
2026-06-11T14:02:59.441679+00:00,room11,stopped,0.00,0.00
2026-06-11T14:02:59.441679+00:00,final,stopped,0.00,0.00
2026-06-11T14:02:59.441679+00:00,secret-a,stopped,0.00,0.00
2026-06-11T14:02:59.441679+00:00,secret-b,stopped,0.00,0.00
2026-06-11T14:03:04.640058+00:00,room0,stopped,0.00,0.00
2026-06-11T14:03:04.640058+00:00,room1,stopped,0.00,0.00
2026-06-11T14:03:04.640058+00:00,room2,stopped,0.00,0.00
2026-06-11T14:03:04.640058+00:00,room3,stopped,0.00,0.00
2026-06-11T14:03:04.640058+00:00,room4,stopped,0.00,0.00
2026-06-11T14:03:04.640058+00:00,locked-server,stopped,0.00,0.00
2026-06-11T14:03:04.640058+00:00,room5,stopped,0.00,0.00
2026-06-11T14:03:04.640058+00:00,room6,stopped,0.00,0.00
2026-06-11T14:03:04.640058+00:00,room7,stopped,0.00,0.00
2026-06-11T14:03:04.640058+00:00,room8,stopped,0.00,0.00
2026-06-11T14:03:04.640058+00:00,room9,stopped,0.00,0.00
2026-06-11T14:03:04.640058+00:00,secret-server,stopped,0.00,0.00
2026-06-11T14:03:04.640058+00:00,room10,stopped,0.00,0.00
2026-06-11T14:03:04.640058+00:00,room11,stopped,0.00,0.00
2026-06-11T14:03:04.640058+00:00,final,stopped,0.00,0.00
2026-06-11T14:03:04.640058+00:00,secret-a,stopped,0.00,0.00
2026-06-11T14:03:04.640058+00:00,secret-b,stopped,0.00,0.00
2026-06-11T14:03:09.831134+00:00,room0,stopped,0.00,0.00
2026-06-11T14:03:09.831134+00:00,room1,stopped,0.00,0.00
2026-06-11T14:03:09.831134+00:00,room2,stopped,0.00,0.00
2026-06-11T14:03:09.831134+00:00,room3,stopped,0.00,0.00
2026-06-11T14:03:09.831134+00:00,room4,stopped,0.00,0.00
2026-06-11T14:03:09.831134+00:00,locked-server,stopped,0.00,0.00
2026-06-11T14:03:09.831134+00:00,room5,stopped,0.00,0.00
2026-06-11T14:03:09.831134+00:00,room6,stopped,0.00,0.00
2026-06-11T14:03:09.831134+00:00,room7,stopped,0.00,0.00
2026-06-11T14:03:09.831134+00:00,room8,stopped,0.00,0.00
2026-06-11T14:03:09.831134+00:00,room9,stopped,0.00,0.00
2026-06-11T14:03:09.831134+00:00,secret-server,stopped,0.00,0.00
2026-06-11T14:03:09.831134+00:00,room10,stopped,0.00,0.00
2026-06-11T14:03:09.831134+00:00,room11,stopped,0.00,0.00
2026-06-11T14:03:09.831134+00:00,final,stopped,0.00,0.00
2026-06-11T14:03:09.831134+00:00,secret-a,stopped,0.00,0.00
2026-06-11T14:03:09.831134+00:00,secret-b,stopped,0.00,0.00
2026-06-11T14:03:15.036633+00:00,room0,stopped,0.00,0.00
2026-06-11T14:03:15.036633+00:00,room1,stopped,0.00,0.00
2026-06-11T14:03:15.036633+00:00,room2,stopped,0.00,0.00
2026-06-11T14:03:15.036633+00:00,room3,stopped,0.00,0.00
2026-06-11T14:03:15.036633+00:00,room4,stopped,0.00,0.00
2026-06-11T14:03:15.036633+00:00,locked-server,stopped,0.00,0.00
2026-06-11T14:03:15.036633+00:00,room5,stopped,0.00,0.00
2026-06-11T14:03:15.036633+00:00,room6,stopped,0.00,0.00
2026-06-11T14:03:15.036633+00:00,room7,stopped,0.00,0.00
2026-06-11T14:03:15.036633+00:00,room8,stopped,0.00,0.00
2026-06-11T14:03:15.036633+00:00,room9,stopped,0.00,0.00
2026-06-11T14:03:15.036633+00:00,secret-server,stopped,0.00,0.00
2026-06-11T14:03:15.036633+00:00,room10,stopped,0.00,0.00
2026-06-11T14:03:15.036633+00:00,room11,stopped,0.00,0.00
2026-06-11T14:03:15.036633+00:00,final,stopped,0.00,0.00
2026-06-11T14:03:15.036633+00:00,secret-a,stopped,0.00,0.00
2026-06-11T14:03:15.036633+00:00,secret-b,stopped,0.00,0.00
2026-06-11T14:03:20.245042+00:00,room0,stopped,0.00,0.00
2026-06-11T14:03:20.245042+00:00,room1,stopped,0.00,0.00
2026-06-11T14:03:20.245042+00:00,room2,stopped,0.00,0.00
2026-06-11T14:03:20.245042+00:00,room3,stopped,0.00,0.00
2026-06-11T14:03:20.245042+00:00,room4,stopped,0.00,0.00
2026-06-11T14:03:20.245042+00:00,locked-server,stopped,0.00,0.00
2026-06-11T14:03:20.245042+00:00,room5,stopped,0.00,0.00
2026-06-11T14:03:20.245042+00:00,room6,stopped,0.00,0.00
2026-06-11T14:03:20.245042+00:00,room7,stopped,0.00,0.00
2026-06-11T14:03:20.245042+00:00,room8,stopped,0.00,0.00
2026-06-11T14:03:20.245042+00:00,room9,stopped,0.00,0.00
2026-06-11T14:03:20.245042+00:00,secret-server,stopped,0.00,0.00
2026-06-11T14:03:20.245042+00:00,room10,stopped,0.00,0.00
2026-06-11T14:03:20.245042+00:00,room11,stopped,0.00,0.00
2026-06-11T14:03:20.245042+00:00,final,stopped,0.00,0.00
2026-06-11T14:03:20.245042+00:00,secret-a,stopped,0.00,0.00
2026-06-11T14:03:20.245042+00:00,secret-b,stopped,0.00,0.00
2026-06-11T14:03:25.443403+00:00,room0,stopped,0.00,0.00
2026-06-11T14:03:25.443403+00:00,room1,stopped,0.00,0.00
2026-06-11T14:03:25.443403+00:00,room2,stopped,0.00,0.00
2026-06-11T14:03:25.443403+00:00,room3,stopped,0.00,0.00
2026-06-11T14:03:25.443403+00:00,room4,stopped,0.00,0.00
2026-06-11T14:03:25.443403+00:00,locked-server,stopped,0.00,0.00
2026-06-11T14:03:25.443403+00:00,room5,stopped,0.00,0.00
2026-06-11T14:03:25.443403+00:00,room6,stopped,0.00,0.00
2026-06-11T14:03:25.443403+00:00,room7,stopped,0.00,0.00
2026-06-11T14:03:25.443403+00:00,room8,stopped,0.00,0.00
2026-06-11T14:03:25.443403+00:00,room9,stopped,0.00,0.00
2026-06-11T14:03:25.443403+00:00,secret-server,stopped,0.00,0.00
2026-06-11T14:03:25.443403+00:00,room10,stopped,0.00,0.00
2026-06-11T14:03:25.443403+00:00,room11,stopped,0.00,0.00
2026-06-11T14:03:25.443403+00:00,final,stopped,0.00,0.00
2026-06-11T14:03:25.443403+00:00,secret-a,stopped,0.00,0.00
2026-06-11T14:03:25.443403+00:00,secret-b,stopped,0.00,0.00
2026-06-11T14:03:30.654589+00:00,room0,stopped,0.00,0.00
2026-06-11T14:03:30.654589+00:00,room1,stopped,0.00,0.00
2026-06-11T14:03:30.654589+00:00,room2,stopped,0.00,0.00
2026-06-11T14:03:30.654589+00:00,room3,stopped,0.00,0.00
2026-06-11T14:03:30.654589+00:00,room4,stopped,0.00,0.00
2026-06-11T14:03:30.654589+00:00,locked-server,stopped,0.00,0.00
2026-06-11T14:03:30.654589+00:00,room5,stopped,0.00,0.00
2026-06-11T14:03:30.654589+00:00,room6,stopped,0.00,0.00
2026-06-11T14:03:30.654589+00:00,room7,stopped,0.00,0.00
2026-06-11T14:03:30.654589+00:00,room8,stopped,0.00,0.00
2026-06-11T14:03:30.654589+00:00,room9,stopped,0.00,0.00
2026-06-11T14:03:30.654589+00:00,secret-server,stopped,0.00,0.00
2026-06-11T14:03:30.654589+00:00,room10,stopped,0.00,0.00
2026-06-11T14:03:30.654589+00:00,room11,stopped,0.00,0.00
2026-06-11T14:03:30.654589+00:00,final,stopped,0.00,0.00
2026-06-11T14:03:30.654589+00:00,secret-a,stopped,0.00,0.00
2026-06-11T14:03:30.654589+00:00,secret-b,stopped,0.00,0.00
2026-06-11T14:03:35.852778+00:00,room0,stopped,0.00,0.00
2026-06-11T14:03:35.852778+00:00,room1,stopped,0.00,0.00
2026-06-11T14:03:35.852778+00:00,room2,stopped,0.00,0.00
2026-06-11T14:03:35.852778+00:00,room3,stopped,0.00,0.00
2026-06-11T14:03:35.852778+00:00,room4,stopped,0.00,0.00
2026-06-11T14:03:35.852778+00:00,locked-server,stopped,0.00,0.00
2026-06-11T14:03:35.852778+00:00,room5,stopped,0.00,0.00
2026-06-11T14:03:35.852778+00:00,room6,stopped,0.00,0.00
2026-06-11T14:03:35.852778+00:00,room7,stopped,0.00,0.00
2026-06-11T14:03:35.852778+00:00,room8,stopped,0.00,0.00
2026-06-11T14:03:35.852778+00:00,room9,stopped,0.00,0.00
2026-06-11T14:03:35.852778+00:00,secret-server,stopped,0.00,0.00
2026-06-11T14:03:35.852778+00:00,room10,stopped,0.00,0.00
2026-06-11T14:03:35.852778+00:00,room11,stopped,0.00,0.00
2026-06-11T14:03:35.852778+00:00,final,stopped,0.00,0.00
2026-06-11T14:03:35.852778+00:00,secret-a,stopped,0.00,0.00
2026-06-11T14:03:35.852778+00:00,secret-b,stopped,0.00,0.00
2026-06-11T14:03:41.048383+00:00,room0,stopped,0.00,0.00
2026-06-11T14:03:41.048383+00:00,room1,stopped,0.00,0.00
2026-06-11T14:03:41.048383+00:00,room2,stopped,0.00,0.00
2026-06-11T14:03:41.048383+00:00,room3,stopped,0.00,0.00
2026-06-11T14:03:41.048383+00:00,room4,stopped,0.00,0.00
2026-06-11T14:03:41.048383+00:00,locked-server,stopped,0.00,0.00
2026-06-11T14:03:41.048383+00:00,room5,stopped,0.00,0.00
2026-06-11T14:03:41.048383+00:00,room6,stopped,0.00,0.00
2026-06-11T14:03:41.048383+00:00,room7,stopped,0.00,0.00
2026-06-11T14:03:41.048383+00:00,room8,stopped,0.00,0.00
2026-06-11T14:03:41.048383+00:00,room9,stopped,0.00,0.00
2026-06-11T14:03:41.048383+00:00,secret-server,stopped,0.00,0.00
2026-06-11T14:03:41.048383+00:00,room10,stopped,0.00,0.00
2026-06-11T14:03:41.048383+00:00,room11,stopped,0.00,0.00
2026-06-11T14:03:41.048383+00:00,final,stopped,0.00,0.00
2026-06-11T14:03:41.048383+00:00,secret-a,stopped,0.00,0.00
2026-06-11T14:03:41.048383+00:00,secret-b,stopped,0.00,0.00
2026-06-11T14:03:46.328046+00:00,room0,stopped,0.00,0.00
2026-06-11T14:03:46.328046+00:00,room1,stopped,0.00,0.00
2026-06-11T14:03:46.328046+00:00,room2,stopped,0.00,0.00
2026-06-11T14:03:46.328046+00:00,room3,stopped,0.00,0.00
2026-06-11T14:03:46.328046+00:00,room4,stopped,0.00,0.00
2026-06-11T14:03:46.328046+00:00,locked-server,stopped,0.00,0.00
2026-06-11T14:03:46.328046+00:00,room5,stopped,0.00,0.00
2026-06-11T14:03:46.328046+00:00,room6,stopped,0.00,0.00
2026-06-11T14:03:46.328046+00:00,room7,stopped,0.00,0.00
2026-06-11T14:03:46.328046+00:00,room8,stopped,0.00,0.00
2026-06-11T14:03:46.328046+00:00,room9,stopped,0.00,0.00
2026-06-11T14:03:46.328046+00:00,secret-server,stopped,0.00,0.00
2026-06-11T14:03:46.328046+00:00,room10,stopped,0.00,0.00
2026-06-11T14:03:46.328046+00:00,room11,stopped,0.00,0.00
2026-06-11T14:03:46.328046+00:00,final,stopped,0.00,0.00
2026-06-11T14:03:46.328046+00:00,secret-a,stopped,0.00,0.00
2026-06-11T14:03:46.328046+00:00,secret-b,stopped,0.00,0.00
2026-06-11T14:03:51.529195+00:00,room0,stopped,0.00,0.00
2026-06-11T14:03:51.529195+00:00,room1,stopped,0.00,0.00
2026-06-11T14:03:51.529195+00:00,room2,stopped,0.00,0.00
2026-06-11T14:03:51.529195+00:00,room3,stopped,0.00,0.00
2026-06-11T14:03:51.529195+00:00,room4,stopped,0.00,0.00
2026-06-11T14:03:51.529195+00:00,locked-server,stopped,0.00,0.00
2026-06-11T14:03:51.529195+00:00,room5,stopped,0.00,0.00
2026-06-11T14:03:51.529195+00:00,room6,stopped,0.00,0.00
2026-06-11T14:03:51.529195+00:00,room7,stopped,0.00,0.00
2026-06-11T14:03:51.529195+00:00,room8,stopped,0.00,0.00
2026-06-11T14:03:51.529195+00:00,room9,stopped,0.00,0.00
2026-06-11T14:03:51.529195+00:00,secret-server,stopped,0.00,0.00
2026-06-11T14:03:51.529195+00:00,room10,stopped,0.00,0.00
2026-06-11T14:03:51.529195+00:00,room11,stopped,0.00,0.00
2026-06-11T14:03:51.529195+00:00,final,stopped,0.00,0.00
2026-06-11T14:03:51.529195+00:00,secret-a,stopped,0.00,0.00
2026-06-11T14:03:51.529195+00:00,secret-b,stopped,0.00,0.00
2026-06-11T14:03:56.752307+00:00,room0,stopped,0.00,0.00
2026-06-11T14:03:56.752307+00:00,room1,stopped,0.00,0.00
2026-06-11T14:03:56.752307+00:00,room2,stopped,0.00,0.00
2026-06-11T14:03:56.752307+00:00,room3,stopped,0.00,0.00
2026-06-11T14:03:56.752307+00:00,room4,stopped,0.00,0.00
2026-06-11T14:03:56.752307+00:00,locked-server,stopped,0.00,0.00
2026-06-11T14:03:56.752307+00:00,room5,stopped,0.00,0.00
2026-06-11T14:03:56.752307+00:00,room6,stopped,0.00,0.00
2026-06-11T14:03:56.752307+00:00,room7,stopped,0.00,0.00
2026-06-11T14:03:56.752307+00:00,room8,stopped,0.00,0.00
2026-06-11T14:03:56.752307+00:00,room9,stopped,0.00,0.00
2026-06-11T14:03:56.752307+00:00,secret-server,stopped,0.00,0.00
2026-06-11T14:03:56.752307+00:00,room10,stopped,0.00,0.00
2026-06-11T14:03:56.752307+00:00,room11,stopped,0.00,0.00
2026-06-11T14:03:56.752307+00:00,final,stopped,0.00,0.00
2026-06-11T14:03:56.752307+00:00,secret-a,stopped,0.00,0.00
2026-06-11T14:03:56.752307+00:00,secret-b,stopped,0.00,0.00
2026-06-11T14:04:01.954367+00:00,room0,stopped,0.00,0.00
2026-06-11T14:04:01.954367+00:00,room1,stopped,0.00,0.00
2026-06-11T14:04:01.954367+00:00,room2,stopped,0.00,0.00
2026-06-11T14:04:01.954367+00:00,room3,stopped,0.00,0.00
2026-06-11T14:04:01.954367+00:00,room4,stopped,0.00,0.00
2026-06-11T14:04:01.954367+00:00,locked-server,stopped,0.00,0.00
2026-06-11T14:04:01.954367+00:00,room5,stopped,0.00,0.00
2026-06-11T14:04:01.954367+00:00,room6,stopped,0.00,0.00
2026-06-11T14:04:01.954367+00:00,room7,stopped,0.00,0.00
2026-06-11T14:04:01.954367+00:00,room8,stopped,0.00,0.00
2026-06-11T14:04:01.954367+00:00,room9,stopped,0.00,0.00
2026-06-11T14:04:01.954367+00:00,secret-server,stopped,0.00,0.00
2026-06-11T14:04:01.954367+00:00,room10,stopped,0.00,0.00
2026-06-11T14:04:01.954367+00:00,room11,stopped,0.00,0.00
2026-06-11T14:04:01.954367+00:00,final,stopped,0.00,0.00
2026-06-11T14:04:01.954367+00:00,secret-a,stopped,0.00,0.00
2026-06-11T14:04:01.954367+00:00,secret-b,stopped,0.00,0.00
2026-06-11T14:04:07.142086+00:00,room0,stopped,0.00,0.00
2026-06-11T14:04:07.142086+00:00,room1,stopped,0.00,0.00
2026-06-11T14:04:07.142086+00:00,room2,stopped,0.00,0.00
2026-06-11T14:04:07.142086+00:00,room3,stopped,0.00,0.00
2026-06-11T14:04:07.142086+00:00,room4,stopped,0.00,0.00
2026-06-11T14:04:07.142086+00:00,locked-server,stopped,0.00,0.00
2026-06-11T14:04:07.142086+00:00,room5,stopped,0.00,0.00
2026-06-11T14:04:07.142086+00:00,room6,stopped,0.00,0.00
2026-06-11T14:04:07.142086+00:00,room7,stopped,0.00,0.00
2026-06-11T14:04:07.142086+00:00,room8,stopped,0.00,0.00
2026-06-11T14:04:07.142086+00:00,room9,stopped,0.00,0.00
2026-06-11T14:04:07.142086+00:00,secret-server,stopped,0.00,0.00
2026-06-11T14:04:07.142086+00:00,room10,stopped,0.00,0.00
2026-06-11T14:04:07.142086+00:00,room11,stopped,0.00,0.00
2026-06-11T14:04:07.142086+00:00,final,stopped,0.00,0.00
2026-06-11T14:04:07.142086+00:00,secret-a,stopped,0.00,0.00
2026-06-11T14:04:07.142086+00:00,secret-b,stopped,0.00,0.00
2026-06-11T14:04:12.338736+00:00,room0,stopped,0.00,0.00
2026-06-11T14:04:12.338736+00:00,room1,stopped,0.00,0.00
2026-06-11T14:04:12.338736+00:00,room2,stopped,0.00,0.00
2026-06-11T14:04:12.338736+00:00,room3,stopped,0.00,0.00
2026-06-11T14:04:12.338736+00:00,room4,stopped,0.00,0.00
2026-06-11T14:04:12.338736+00:00,locked-server,stopped,0.00,0.00
2026-06-11T14:04:12.338736+00:00,room5,stopped,0.00,0.00
2026-06-11T14:04:12.338736+00:00,room6,stopped,0.00,0.00
2026-06-11T14:04:12.338736+00:00,room7,stopped,0.00,0.00
2026-06-11T14:04:12.338736+00:00,room8,stopped,0.00,0.00
2026-06-11T14:04:12.338736+00:00,room9,stopped,0.00,0.00
2026-06-11T14:04:12.338736+00:00,secret-server,stopped,0.00,0.00
2026-06-11T14:04:12.338736+00:00,room10,stopped,0.00,0.00
2026-06-11T14:04:12.338736+00:00,room11,stopped,0.00,0.00
2026-06-11T14:04:12.338736+00:00,final,stopped,0.00,0.00
2026-06-11T14:04:12.338736+00:00,secret-a,stopped,0.00,0.00
2026-06-11T14:04:12.338736+00:00,secret-b,stopped,0.00,0.00
2026-06-11T14:04:17.529727+00:00,room0,stopped,0.00,0.00
2026-06-11T14:04:17.529727+00:00,room1,stopped,0.00,0.00
2026-06-11T14:04:17.529727+00:00,room2,stopped,0.00,0.00
2026-06-11T14:04:17.529727+00:00,room3,stopped,0.00,0.00
2026-06-11T14:04:17.529727+00:00,room4,stopped,0.00,0.00
2026-06-11T14:04:17.529727+00:00,locked-server,stopped,0.00,0.00
2026-06-11T14:04:17.529727+00:00,room5,stopped,0.00,0.00
2026-06-11T14:04:17.529727+00:00,room6,stopped,0.00,0.00
2026-06-11T14:04:17.529727+00:00,room7,stopped,0.00,0.00
2026-06-11T14:04:17.529727+00:00,room8,stopped,0.00,0.00
2026-06-11T14:04:17.529727+00:00,room9,stopped,0.00,0.00
2026-06-11T14:04:17.529727+00:00,secret-server,stopped,0.00,0.00
2026-06-11T14:04:17.529727+00:00,room10,stopped,0.00,0.00
2026-06-11T14:04:17.529727+00:00,room11,stopped,0.00,0.00
2026-06-11T14:04:17.529727+00:00,final,stopped,0.00,0.00
2026-06-11T14:04:17.529727+00:00,secret-a,stopped,0.00,0.00
2026-06-11T14:04:17.529727+00:00,secret-b,stopped,0.00,0.00
2026-06-11T14:04:22.727891+00:00,room0,stopped,0.00,0.00
2026-06-11T14:04:22.727891+00:00,room1,stopped,0.00,0.00
2026-06-11T14:04:22.727891+00:00,room2,stopped,0.00,0.00
2026-06-11T14:04:22.727891+00:00,room3,stopped,0.00,0.00
2026-06-11T14:04:22.727891+00:00,room4,stopped,0.00,0.00
2026-06-11T14:04:22.727891+00:00,locked-server,stopped,0.00,0.00
2026-06-11T14:04:22.727891+00:00,room5,stopped,0.00,0.00
2026-06-11T14:04:22.727891+00:00,room6,stopped,0.00,0.00
2026-06-11T14:04:22.727891+00:00,room7,stopped,0.00,0.00
2026-06-11T14:04:22.727891+00:00,room8,stopped,0.00,0.00
2026-06-11T14:04:22.727891+00:00,room9,stopped,0.00,0.00
2026-06-11T14:04:22.727891+00:00,secret-server,stopped,0.00,0.00
2026-06-11T14:04:22.727891+00:00,room10,stopped,0.00,0.00
2026-06-11T14:04:22.727891+00:00,room11,stopped,0.00,0.00
2026-06-11T14:04:22.727891+00:00,final,stopped,0.00,0.00
2026-06-11T14:04:22.727891+00:00,secret-a,stopped,0.00,0.00
2026-06-11T14:04:22.727891+00:00,secret-b,stopped,0.00,0.00
2026-06-11T14:04:27.926627+00:00,room0,stopped,0.00,0.00
2026-06-11T14:04:27.926627+00:00,room1,stopped,0.00,0.00
2026-06-11T14:04:27.926627+00:00,room2,stopped,0.00,0.00
2026-06-11T14:04:27.926627+00:00,room3,stopped,0.00,0.00
2026-06-11T14:04:27.926627+00:00,room4,stopped,0.00,0.00
2026-06-11T14:04:27.926627+00:00,locked-server,stopped,0.00,0.00
2026-06-11T14:04:27.926627+00:00,room5,stopped,0.00,0.00
2026-06-11T14:04:27.926627+00:00,room6,stopped,0.00,0.00
2026-06-11T14:04:27.926627+00:00,room7,stopped,0.00,0.00
2026-06-11T14:04:27.926627+00:00,room8,stopped,0.00,0.00
2026-06-11T14:04:27.926627+00:00,room9,stopped,0.00,0.00
2026-06-11T14:04:27.926627+00:00,secret-server,stopped,0.00,0.00
2026-06-11T14:04:27.926627+00:00,room10,stopped,0.00,0.00
2026-06-11T14:04:27.926627+00:00,room11,stopped,0.00,0.00
2026-06-11T14:04:27.926627+00:00,final,stopped,0.00,0.00
2026-06-11T14:04:27.926627+00:00,secret-a,stopped,0.00,0.00
2026-06-11T14:04:27.926627+00:00,secret-b,stopped,0.00,0.00
2026-06-11T14:04:33.126094+00:00,room0,stopped,0.00,0.00
2026-06-11T14:04:33.126094+00:00,room1,stopped,0.00,0.00
2026-06-11T14:04:33.126094+00:00,room2,stopped,0.00,0.00
2026-06-11T14:04:33.126094+00:00,room3,stopped,0.00,0.00
2026-06-11T14:04:33.126094+00:00,room4,stopped,0.00,0.00
2026-06-11T14:04:33.126094+00:00,locked-server,stopped,0.00,0.00
2026-06-11T14:04:33.126094+00:00,room5,stopped,0.00,0.00
2026-06-11T14:04:33.126094+00:00,room6,stopped,0.00,0.00
2026-06-11T14:04:33.126094+00:00,room7,stopped,0.00,0.00
2026-06-11T14:04:33.126094+00:00,room8,stopped,0.00,0.00
2026-06-11T14:04:33.126094+00:00,room9,stopped,0.00,0.00
2026-06-11T14:04:33.126094+00:00,secret-server,stopped,0.00,0.00
2026-06-11T14:04:33.126094+00:00,room10,stopped,0.00,0.00
2026-06-11T14:04:33.126094+00:00,room11,stopped,0.00,0.00
2026-06-11T14:04:33.126094+00:00,final,stopped,0.00,0.00
2026-06-11T14:04:33.126094+00:00,secret-a,stopped,0.00,0.00
2026-06-11T14:04:33.126094+00:00,secret-b,stopped,0.00,0.00
2026-06-11T14:04:38.327857+00:00,room0,running,0.00,1.51
2026-06-11T14:04:38.327857+00:00,room1,stopped,0.00,0.00
2026-06-11T14:04:38.327857+00:00,room2,stopped,0.00,0.00
2026-06-11T14:04:38.327857+00:00,room3,stopped,0.00,0.00
2026-06-11T14:04:38.327857+00:00,room4,stopped,0.00,0.00
2026-06-11T14:04:38.327857+00:00,locked-server,stopped,0.00,0.00
2026-06-11T14:04:38.327857+00:00,room5,stopped,0.00,0.00
2026-06-11T14:04:38.327857+00:00,room6,stopped,0.00,0.00
2026-06-11T14:04:38.327857+00:00,room7,stopped,0.00,0.00
2026-06-11T14:04:38.327857+00:00,room8,stopped,0.00,0.00
2026-06-11T14:04:38.327857+00:00,room9,stopped,0.00,0.00
2026-06-11T14:04:38.327857+00:00,secret-server,stopped,0.00,0.00
2026-06-11T14:04:38.327857+00:00,room10,stopped,0.00,0.00
2026-06-11T14:04:38.327857+00:00,room11,stopped,0.00,0.00
2026-06-11T14:04:38.327857+00:00,final,stopped,0.00,0.00
2026-06-11T14:04:38.327857+00:00,secret-a,stopped,0.00,0.00
2026-06-11T14:04:38.327857+00:00,secret-b,stopped,0.00,0.00
2026-06-11T14:04:46.313841+00:00,room0,running,0.00,1.34
2026-06-11T14:04:46.313841+00:00,room1,stopped,0.00,0.00
2026-06-11T14:04:46.313841+00:00,room2,stopped,0.00,0.00
2026-06-11T14:04:46.313841+00:00,room3,stopped,0.00,0.00
2026-06-11T14:04:46.313841+00:00,room4,stopped,0.00,0.00
2026-06-11T14:04:46.313841+00:00,locked-server,stopped,0.00,0.00
2026-06-11T14:04:46.313841+00:00,room5,stopped,0.00,0.00
2026-06-11T14:04:46.313841+00:00,room6,stopped,0.00,0.00
2026-06-11T14:04:46.313841+00:00,room7,stopped,0.00,0.00
2026-06-11T14:04:46.313841+00:00,room8,stopped,0.00,0.00
2026-06-11T14:04:46.313841+00:00,room9,stopped,0.00,0.00
2026-06-11T14:04:46.313841+00:00,secret-server,stopped,0.00,0.00
2026-06-11T14:04:46.313841+00:00,room10,stopped,0.00,0.00
2026-06-11T14:04:46.313841+00:00,room11,stopped,0.00,0.00
2026-06-11T14:04:46.313841+00:00,final,stopped,0.00,0.00
2026-06-11T14:04:46.313841+00:00,secret-a,stopped,0.00,0.00
2026-06-11T14:04:46.313841+00:00,secret-b,stopped,0.00,0.00
2026-06-11T14:04:54.288735+00:00,room0,running,0.00,1.25
2026-06-11T14:04:54.288735+00:00,room1,stopped,0.00,0.00
2026-06-11T14:04:54.288735+00:00,room2,stopped,0.00,0.00
2026-06-11T14:04:54.288735+00:00,room3,stopped,0.00,0.00
2026-06-11T14:04:54.288735+00:00,room4,stopped,0.00,0.00
2026-06-11T14:04:54.288735+00:00,locked-server,stopped,0.00,0.00
2026-06-11T14:04:54.288735+00:00,room5,stopped,0.00,0.00
2026-06-11T14:04:54.288735+00:00,room6,stopped,0.00,0.00
2026-06-11T14:04:54.288735+00:00,room7,stopped,0.00,0.00
2026-06-11T14:04:54.288735+00:00,room8,stopped,0.00,0.00
2026-06-11T14:04:54.288735+00:00,room9,stopped,0.00,0.00
2026-06-11T14:04:54.288735+00:00,secret-server,stopped,0.00,0.00
2026-06-11T14:04:54.288735+00:00,room10,stopped,0.00,0.00
2026-06-11T14:04:54.288735+00:00,room11,stopped,0.00,0.00
2026-06-11T14:04:54.288735+00:00,final,stopped,0.00,0.00
2026-06-11T14:04:54.288735+00:00,secret-a,stopped,0.00,0.00
2026-06-11T14:04:54.288735+00:00,secret-b,stopped,0.00,0.00
2026-06-11T14:05:02.251353+00:00,room0,running,0.00,1.04
2026-06-11T14:05:02.251353+00:00,room1,stopped,0.00,0.00
2026-06-11T14:05:02.251353+00:00,room2,stopped,0.00,0.00
2026-06-11T14:05:02.251353+00:00,room3,stopped,0.00,0.00
2026-06-11T14:05:02.251353+00:00,room4,stopped,0.00,0.00
2026-06-11T14:05:02.251353+00:00,locked-server,stopped,0.00,0.00
2026-06-11T14:05:02.251353+00:00,room5,stopped,0.00,0.00
2026-06-11T14:05:02.251353+00:00,room6,stopped,0.00,0.00
2026-06-11T14:05:02.251353+00:00,room7,stopped,0.00,0.00
2026-06-11T14:05:02.251353+00:00,room8,stopped,0.00,0.00
2026-06-11T14:05:02.251353+00:00,room9,stopped,0.00,0.00
2026-06-11T14:05:02.251353+00:00,secret-server,stopped,0.00,0.00
2026-06-11T14:05:02.251353+00:00,room10,stopped,0.00,0.00
2026-06-11T14:05:02.251353+00:00,room11,stopped,0.00,0.00
2026-06-11T14:05:02.251353+00:00,final,stopped,0.00,0.00
2026-06-11T14:05:02.251353+00:00,secret-a,stopped,0.00,0.00
2026-06-11T14:05:02.251353+00:00,secret-b,stopped,0.00,0.00
2026-06-11T14:05:10.148481+00:00,room0,running,0.00,1.04
2026-06-11T14:05:10.148481+00:00,room1,stopped,0.00,0.00
2026-06-11T14:05:10.148481+00:00,room2,stopped,0.00,0.00
2026-06-11T14:05:10.148481+00:00,room3,stopped,0.00,0.00
2026-06-11T14:05:10.148481+00:00,room4,stopped,0.00,0.00
2026-06-11T14:05:10.148481+00:00,locked-server,stopped,0.00,0.00
2026-06-11T14:05:10.148481+00:00,room5,stopped,0.00,0.00
2026-06-11T14:05:10.148481+00:00,room6,stopped,0.00,0.00
2026-06-11T14:05:10.148481+00:00,room7,stopped,0.00,0.00
2026-06-11T14:05:10.148481+00:00,room8,stopped,0.00,0.00
2026-06-11T14:05:10.148481+00:00,room9,stopped,0.00,0.00
2026-06-11T14:05:10.148481+00:00,secret-server,stopped,0.00,0.00
2026-06-11T14:05:10.148481+00:00,room10,stopped,0.00,0.00
2026-06-11T14:05:10.148481+00:00,room11,stopped,0.00,0.00
2026-06-11T14:05:10.148481+00:00,final,stopped,0.00,0.00
2026-06-11T14:05:10.148481+00:00,secret-a,stopped,0.00,0.00
2026-06-11T14:05:10.148481+00:00,secret-b,stopped,0.00,0.00
2026-06-11T14:05:18.123219+00:00,room0,running,0.00,1.04
2026-06-11T14:05:18.123219+00:00,room1,stopped,0.00,0.00
2026-06-11T14:05:18.123219+00:00,room2,stopped,0.00,0.00
2026-06-11T14:05:18.123219+00:00,room3,stopped,0.00,0.00
2026-06-11T14:05:18.123219+00:00,room4,stopped,0.00,0.00
2026-06-11T14:05:18.123219+00:00,locked-server,stopped,0.00,0.00
2026-06-11T14:05:18.123219+00:00,room5,stopped,0.00,0.00
2026-06-11T14:05:18.123219+00:00,room6,stopped,0.00,0.00
2026-06-11T14:05:18.123219+00:00,room7,stopped,0.00,0.00
2026-06-11T14:05:18.123219+00:00,room8,stopped,0.00,0.00
2026-06-11T14:05:18.123219+00:00,room9,stopped,0.00,0.00
2026-06-11T14:05:18.123219+00:00,secret-server,stopped,0.00,0.00
2026-06-11T14:05:18.123219+00:00,room10,stopped,0.00,0.00
2026-06-11T14:05:18.123219+00:00,room11,stopped,0.00,0.00
2026-06-11T14:05:18.123219+00:00,final,stopped,0.00,0.00
2026-06-11T14:05:18.123219+00:00,secret-a,stopped,0.00,0.00
2026-06-11T14:05:18.123219+00:00,secret-b,stopped,0.00,0.00
2026-06-11T14:05:26.117642+00:00,room0,running,0.00,1.02
2026-06-11T14:05:26.117642+00:00,room1,stopped,0.00,0.00
2026-06-11T14:05:26.117642+00:00,room2,stopped,0.00,0.00
2026-06-11T14:05:26.117642+00:00,room3,stopped,0.00,0.00
2026-06-11T14:05:26.117642+00:00,room4,stopped,0.00,0.00
2026-06-11T14:05:26.117642+00:00,locked-server,stopped,0.00,0.00
2026-06-11T14:05:26.117642+00:00,room5,stopped,0.00,0.00
2026-06-11T14:05:26.117642+00:00,room6,stopped,0.00,0.00
2026-06-11T14:05:26.117642+00:00,room7,stopped,0.00,0.00
2026-06-11T14:05:26.117642+00:00,room8,stopped,0.00,0.00
2026-06-11T14:05:26.117642+00:00,room9,stopped,0.00,0.00
2026-06-11T14:05:26.117642+00:00,secret-server,stopped,0.00,0.00
2026-06-11T14:05:26.117642+00:00,room10,stopped,0.00,0.00
2026-06-11T14:05:26.117642+00:00,room11,stopped,0.00,0.00
2026-06-11T14:05:26.117642+00:00,final,stopped,0.00,0.00
2026-06-11T14:05:26.117642+00:00,secret-a,stopped,0.00,0.00
2026-06-11T14:05:26.117642+00:00,secret-b,stopped,0.00,0.00
2026-06-11T14:05:34.105664+00:00,room0,running,0.00,1.02
2026-06-11T14:05:34.105664+00:00,room1,stopped,0.00,0.00
2026-06-11T14:05:34.105664+00:00,room2,stopped,0.00,0.00
2026-06-11T14:05:34.105664+00:00,room3,stopped,0.00,0.00
2026-06-11T14:05:34.105664+00:00,room4,stopped,0.00,0.00
2026-06-11T14:05:34.105664+00:00,locked-server,stopped,0.00,0.00
2026-06-11T14:05:34.105664+00:00,room5,stopped,0.00,0.00
2026-06-11T14:05:34.105664+00:00,room6,stopped,0.00,0.00
2026-06-11T14:05:34.105664+00:00,room7,stopped,0.00,0.00
2026-06-11T14:05:34.105664+00:00,room8,stopped,0.00,0.00
2026-06-11T14:05:34.105664+00:00,room9,stopped,0.00,0.00
2026-06-11T14:05:34.105664+00:00,secret-server,stopped,0.00,0.00
2026-06-11T14:05:34.105664+00:00,room10,stopped,0.00,0.00
2026-06-11T14:05:34.105664+00:00,room11,stopped,0.00,0.00
2026-06-11T14:05:34.105664+00:00,final,stopped,0.00,0.00
2026-06-11T14:05:34.105664+00:00,secret-a,stopped,0.00,0.00
2026-06-11T14:05:34.105664+00:00,secret-b,stopped,0.00,0.00
2026-06-11T14:05:41.150885+00:00,room0,running,0.00,1.02
2026-06-11T14:05:41.150885+00:00,room1,stopped,0.00,0.00
2026-06-11T14:05:41.150885+00:00,room2,stopped,0.00,0.00
2026-06-11T14:05:41.150885+00:00,room3,stopped,0.00,0.00
2026-06-11T14:05:41.150885+00:00,room4,stopped,0.00,0.00
2026-06-11T14:05:41.150885+00:00,locked-server,stopped,0.00,0.00
2026-06-11T14:05:41.150885+00:00,room5,stopped,0.00,0.00
2026-06-11T14:05:41.150885+00:00,room6,stopped,0.00,0.00
2026-06-11T14:05:41.150885+00:00,room7,stopped,0.00,0.00
2026-06-11T14:05:41.150885+00:00,room8,stopped,0.00,0.00
2026-06-11T14:05:41.150885+00:00,room9,stopped,0.00,0.00
2026-06-11T14:05:41.150885+00:00,secret-server,stopped,0.00,0.00
2026-06-11T14:05:41.150885+00:00,room10,stopped,0.00,0.00
2026-06-11T14:05:41.150885+00:00,room11,stopped,0.00,0.00
2026-06-11T14:05:41.150885+00:00,final,stopped,0.00,0.00
2026-06-11T14:05:41.150885+00:00,secret-a,stopped,0.00,0.00
2026-06-11T14:05:41.150885+00:00,secret-b,stopped,0.00,0.00
2026-06-11T14:05:49.181661+00:00,room0,running,0.00,1.02
2026-06-11T14:05:49.181661+00:00,room1,stopped,0.00,0.00
2026-06-11T14:05:49.181661+00:00,room2,stopped,0.00,0.00
2026-06-11T14:05:49.181661+00:00,room3,stopped,0.00,0.00
2026-06-11T14:05:49.181661+00:00,room4,stopped,0.00,0.00
2026-06-11T14:05:49.181661+00:00,locked-server,stopped,0.00,0.00
2026-06-11T14:05:49.181661+00:00,room5,stopped,0.00,0.00
2026-06-11T14:05:49.181661+00:00,room6,stopped,0.00,0.00
2026-06-11T14:05:49.181661+00:00,room7,stopped,0.00,0.00
2026-06-11T14:05:49.181661+00:00,room8,stopped,0.00,0.00
2026-06-11T14:05:49.181661+00:00,room9,stopped,0.00,0.00
2026-06-11T14:05:49.181661+00:00,secret-server,stopped,0.00,0.00
2026-06-11T14:05:49.181661+00:00,room10,stopped,0.00,0.00
2026-06-11T14:05:49.181661+00:00,room11,stopped,0.00,0.00
2026-06-11T14:05:49.181661+00:00,final,stopped,0.00,0.00
2026-06-11T14:05:49.181661+00:00,secret-a,stopped,0.00,0.00
2026-06-11T14:05:49.181661+00:00,secret-b,stopped,0.00,0.00
2026-06-11T14:05:57.199287+00:00,room0,running,0.00,1.02
2026-06-11T14:05:57.199287+00:00,room1,stopped,0.00,0.00
2026-06-11T14:05:57.199287+00:00,room2,stopped,0.00,0.00
2026-06-11T14:05:57.199287+00:00,room3,stopped,0.00,0.00
2026-06-11T14:05:57.199287+00:00,room4,stopped,0.00,0.00
2026-06-11T14:05:57.199287+00:00,locked-server,stopped,0.00,0.00
2026-06-11T14:05:57.199287+00:00,room5,stopped,0.00,0.00
2026-06-11T14:05:57.199287+00:00,room6,stopped,0.00,0.00
2026-06-11T14:05:57.199287+00:00,room7,stopped,0.00,0.00
2026-06-11T14:05:57.199287+00:00,room8,stopped,0.00,0.00
2026-06-11T14:05:57.199287+00:00,room9,stopped,0.00,0.00
2026-06-11T14:05:57.199287+00:00,secret-server,stopped,0.00,0.00
2026-06-11T14:05:57.199287+00:00,room10,stopped,0.00,0.00
2026-06-11T14:05:57.199287+00:00,room11,stopped,0.00,0.00
2026-06-11T14:05:57.199287+00:00,final,stopped,0.00,0.00
2026-06-11T14:05:57.199287+00:00,secret-a,stopped,0.00,0.00
2026-06-11T14:05:57.199287+00:00,secret-b,stopped,0.00,0.00
2026-06-11T14:06:05.174373+00:00,room0,running,0.00,1.02
2026-06-11T14:06:05.174373+00:00,room1,stopped,0.00,0.00
2026-06-11T14:06:05.174373+00:00,room2,stopped,0.00,0.00
2026-06-11T14:06:05.174373+00:00,room3,stopped,0.00,0.00
2026-06-11T14:06:05.174373+00:00,room4,stopped,0.00,0.00
2026-06-11T14:06:05.174373+00:00,locked-server,stopped,0.00,0.00
2026-06-11T14:06:05.174373+00:00,room5,stopped,0.00,0.00
2026-06-11T14:06:05.174373+00:00,room6,stopped,0.00,0.00
2026-06-11T14:06:05.174373+00:00,room7,stopped,0.00,0.00
2026-06-11T14:06:05.174373+00:00,room8,stopped,0.00,0.00
2026-06-11T14:06:05.174373+00:00,room9,stopped,0.00,0.00
2026-06-11T14:06:05.174373+00:00,secret-server,stopped,0.00,0.00
2026-06-11T14:06:05.174373+00:00,room10,stopped,0.00,0.00
2026-06-11T14:06:05.174373+00:00,room11,stopped,0.00,0.00
2026-06-11T14:06:05.174373+00:00,final,stopped,0.00,0.00
2026-06-11T14:06:05.174373+00:00,secret-a,stopped,0.00,0.00
2026-06-11T14:06:05.174373+00:00,secret-b,stopped,0.00,0.00
2026-06-11T14:06:13.156822+00:00,room0,running,0.00,1.02
2026-06-11T14:06:13.156822+00:00,room1,stopped,0.00,0.00
2026-06-11T14:06:13.156822+00:00,room2,stopped,0.00,0.00
2026-06-11T14:06:13.156822+00:00,room3,stopped,0.00,0.00
2026-06-11T14:06:13.156822+00:00,room4,stopped,0.00,0.00
2026-06-11T14:06:13.156822+00:00,locked-server,stopped,0.00,0.00
2026-06-11T14:06:13.156822+00:00,room5,stopped,0.00,0.00
2026-06-11T14:06:13.156822+00:00,room6,stopped,0.00,0.00
2026-06-11T14:06:13.156822+00:00,room7,stopped,0.00,0.00
2026-06-11T14:06:13.156822+00:00,room8,stopped,0.00,0.00
2026-06-11T14:06:13.156822+00:00,room9,stopped,0.00,0.00
2026-06-11T14:06:13.156822+00:00,secret-server,stopped,0.00,0.00
2026-06-11T14:06:13.156822+00:00,room10,stopped,0.00,0.00
2026-06-11T14:06:13.156822+00:00,room11,stopped,0.00,0.00
2026-06-11T14:06:13.156822+00:00,final,stopped,0.00,0.00
2026-06-11T14:06:13.156822+00:00,secret-a,stopped,0.00,0.00
2026-06-11T14:06:13.156822+00:00,secret-b,stopped,0.00,0.00
2026-06-11T14:06:21.157653+00:00,room0,running,0.00,1.02
2026-06-11T14:06:21.157653+00:00,room1,stopped,0.00,0.00
2026-06-11T14:06:21.157653+00:00,room2,stopped,0.00,0.00
2026-06-11T14:06:21.157653+00:00,room3,stopped,0.00,0.00
2026-06-11T14:06:21.157653+00:00,room4,stopped,0.00,0.00
2026-06-11T14:06:21.157653+00:00,locked-server,stopped,0.00,0.00
2026-06-11T14:06:21.157653+00:00,room5,stopped,0.00,0.00
2026-06-11T14:06:21.157653+00:00,room6,stopped,0.00,0.00
2026-06-11T14:06:21.157653+00:00,room7,stopped,0.00,0.00
2026-06-11T14:06:21.157653+00:00,room8,stopped,0.00,0.00
2026-06-11T14:06:21.157653+00:00,room9,stopped,0.00,0.00
2026-06-11T14:06:21.157653+00:00,secret-server,stopped,0.00,0.00
2026-06-11T14:06:21.157653+00:00,room10,stopped,0.00,0.00
2026-06-11T14:06:21.157653+00:00,room11,stopped,0.00,0.00
2026-06-11T14:06:21.157653+00:00,final,stopped,0.00,0.00
2026-06-11T14:06:21.157653+00:00,secret-a,stopped,0.00,0.00
2026-06-11T14:06:21.157653+00:00,secret-b,stopped,0.00,0.00
2026-06-11T14:06:29.328867+00:00,room0,running,0.00,1.02
2026-06-11T14:06:29.328867+00:00,room1,stopped,0.00,0.00
2026-06-11T14:06:29.328867+00:00,room2,stopped,0.00,0.00
2026-06-11T14:06:29.328867+00:00,room3,stopped,0.00,0.00
2026-06-11T14:06:29.328867+00:00,room4,stopped,0.00,0.00
2026-06-11T14:06:29.328867+00:00,locked-server,stopped,0.00,0.00
2026-06-11T14:06:29.328867+00:00,room5,stopped,0.00,0.00
2026-06-11T14:06:29.328867+00:00,room6,stopped,0.00,0.00
2026-06-11T14:06:29.328867+00:00,room7,stopped,0.00,0.00
2026-06-11T14:06:29.328867+00:00,room8,stopped,0.00,0.00
2026-06-11T14:06:29.328867+00:00,room9,stopped,0.00,0.00
2026-06-11T14:06:29.328867+00:00,secret-server,stopped,0.00,0.00
2026-06-11T14:06:29.328867+00:00,room10,stopped,0.00,0.00
2026-06-11T14:06:29.328867+00:00,room11,stopped,0.00,0.00
2026-06-11T14:06:29.328867+00:00,final,stopped,0.00,0.00
2026-06-11T14:06:29.328867+00:00,secret-a,stopped,0.00,0.00
2026-06-11T14:06:29.328867+00:00,secret-b,stopped,0.00,0.00
2026-06-11T14:06:37.356154+00:00,room0,running,0.00,1.02
2026-06-11T14:06:37.356154+00:00,room1,stopped,0.00,0.00
2026-06-11T14:06:37.356154+00:00,room2,stopped,0.00,0.00
2026-06-11T14:06:37.356154+00:00,room3,stopped,0.00,0.00
2026-06-11T14:06:37.356154+00:00,room4,stopped,0.00,0.00
2026-06-11T14:06:37.356154+00:00,locked-server,stopped,0.00,0.00
2026-06-11T14:06:37.356154+00:00,room5,stopped,0.00,0.00
2026-06-11T14:06:37.356154+00:00,room6,stopped,0.00,0.00
2026-06-11T14:06:37.356154+00:00,room7,stopped,0.00,0.00
2026-06-11T14:06:37.356154+00:00,room8,stopped,0.00,0.00
2026-06-11T14:06:37.356154+00:00,room9,stopped,0.00,0.00
2026-06-11T14:06:37.356154+00:00,secret-server,stopped,0.00,0.00
2026-06-11T14:06:37.356154+00:00,room10,stopped,0.00,0.00
2026-06-11T14:06:37.356154+00:00,room11,stopped,0.00,0.00
2026-06-11T14:06:37.356154+00:00,final,stopped,0.00,0.00
2026-06-11T14:06:37.356154+00:00,secret-a,stopped,0.00,0.00
2026-06-11T14:06:37.356154+00:00,secret-b,stopped,0.00,0.00
